Id,GEOID,name,homerule,hrnew
1600000US4807156,4807156,"Bee Cave city, Texas",1,1
1600000US4811224,4811224,"Bulverde city, Texas",1,1
1600000US4825168,4825168,"Fair Oaks Ranch city, Texas",1,1
1600000US4827876,4827876,"Fulshear city, Texas",1,1
1600000US4840384,4840384,"La Joya city, Texas",1,1
1600000US4842388,4842388,"Leon Valley city, Texas",1,1
1600000US4842820,4842820,"Lindale city, Texas",1,1
1600000US4846500,4846500,"Manvel city, Texas",1,1
1600000US4847496,4847496,"Melissa city, Texas",1,1
1600000US4849068,4849068,"Mont Belvieu city, Texas",1,1
1600000US4851708,4851708,"Nolanville city, Texas",1,1
1600000US4856696,4856696,"Penitas city, Texas",1,1
1600000US4857476,4857476,"Pilot Point city, Texas",1,1
1600000US4859336,4859336,"Prairie View city, Texas",1,1
1600000US4869140,4869140,"South Padre Island town, Texas",1,1
1600000US4870868,4870868,"Sullivan City city, Texas",1,1
1600000US4871156,4871156,"Sunnyvale town, Texas",1,1
1600000US4801000,4801000,"Abilene city, Texas",1,0
1600000US4801240,4801240,"Addison town, Texas",1,0
1600000US4801576,4801576,"Alamo city, Texas",1,0
1600000US4801600,4801600,"Alamo Heights city, Texas",1,0
1600000US4801852,4801852,"Alice city, Texas",1,0
1600000US4801924,4801924,"Allen city, Texas",1,0
1600000US4802104,4802104,"Alpine city, Texas",1,0
1600000US4802212,4802212,"Alton city, Texas",1,0
1600000US4802272,4802272,"Alvin city, Texas",1,0
1600000US4803000,4803000,"Amarillo city, Texas",1,0
1600000US4803216,4803216,"Andrews city, Texas",1,0
1600000US4803264,4803264,"Angleton city, Texas",1,0
1600000US4803300,4803300,"Anna city, Texas",1,0
1600000US4803372,4803372,"Anson city, Texas",1,0
1600000US4803600,4803600,"Aransas Pass city, Texas",1,0
1600000US4804000,4804000,"Arlington city, Texas",1,0
1600000US4804504,4804504,"Athens city, Texas",1,0
1600000US4804516,4804516,"Atlanta city, Texas",1,0
1600000US4805000,4805000,"Austin city, Texas",1,0
1600000US4805168,4805168,"Azle city, Texas",1,0
1600000US4805372,4805372,"Balch Springs city, Texas",1,0
1600000US4805456,4805456,"Ballinger city, Texas",1,0
1600000US4805864,4805864,"Bastrop city, Texas",1,0
1600000US4805984,4805984,"Bay City city, Texas",1,0
1600000US4806128,4806128,"Baytown city, Texas",1,0
1600000US4807000,4807000,"Beaumont city, Texas",1,0
1600000US4807132,4807132,"Bedford city, Texas",1,0
1600000US4807192,4807192,"Beeville city, Texas",1,0
1600000US4807300,4807300,"Bellaire city, Texas",1,0
1600000US4807408,4807408,"Bellmead city, Texas",1,0
1600000US4807492,4807492,"Belton city, Texas",1,0
1600000US4807552,4807552,"Benbrook city, Texas",1,0
1600000US4808236,4808236,"Big Spring city, Texas",1,0
1600000US4809160,4809160,"Boerne city, Texas",1,0
1600000US4809328,4809328,"Bonham city, Texas",1,0
1600000US4809556,4809556,"Borger city, Texas",1,0
1600000US4809640,4809640,"Bowie city, Texas",1,0
1600000US4809916,4809916,"Brady city, Texas",1,0
1600000US4810132,4810132,"Breckenridge city, Texas",1,0
1600000US4810156,4810156,"Brenham city, Texas",1,0
1600000US4810252,4810252,"Bridge City city, Texas",1,0
1600000US4810720,4810720,"Brownfield city, Texas",1,0
1600000US4810768,4810768,"Brownsville city, Texas",1,0
1600000US4810780,4810780,"Brownwood city, Texas",1,0
1600000US4810912,4810912,"Bryan city, Texas",1,0
1600000US4811080,4811080,"Buda city, Texas",1,0
1600000US4811368,4811368,"Burkburnett city, Texas",1,0
1600000US4811428,4811428,"Burleson city, Texas",1,0
1600000US4811464,4811464,"Burnet city, Texas",1,0
1600000US4812040,4812040,"Cameron city, Texas",1,0
1600000US4812532,4812532,"Canyon city, Texas",1,0
1600000US4812988,4812988,"Carrizo Springs city, Texas",1,0
1600000US4813024,4813024,"Carrollton city, Texas",1,0
1600000US4813108,4813108,"Carthage city, Texas",1,0
1600000US4813492,4813492,"Cedar Hill city, Texas",1,0
1600000US4813552,4813552,"Cedar Park city, Texas",1,0
1600000US4813684,4813684,"Celina city, Texas",1,0
1600000US4813732,4813732,"Center city, Texas",1,0
1600000US4814668,4814668,"Childress city, Texas",1,0
1600000US4814920,4814920,"Cibolo city, Texas",1,0
1600000US4815004,4815004,"Cisco city, Texas",1,0
1600000US4815364,4815364,"Cleburne city, Texas",1,0
1600000US4815436,4815436,"Cleveland city, Texas",1,0
1600000US4815652,4815652,"Clute city, Texas",1,0
1600000US4815916,4815916,"Coleman city, Texas",1,0
1600000US4815976,4815976,"College Station city, Texas",1,0
1600000US4815988,4815988,"Colleyville city, Texas",1,0
1600000US4816120,4816120,"Colorado City city, Texas",1,0
1600000US4816240,4816240,"Commerce city, Texas",1,0
1600000US4816432,4816432,"Conroe city, Texas",1,0
1600000US4816468,4816468,"Converse city, Texas",1,0
1600000US4816612,4816612,"Coppell city, Texas",1,0
1600000US4816624,4816624,"Copperas Cove city, Texas",1,0
1600000US4816696,4816696,"Corinth city, Texas",1,0
1600000US4817000,4817000,"Corpus Christi city, Texas",1,0
1600000US4817060,4817060,"Corsicana city, Texas",1,0
1600000US4817744,4817744,"Crockett city, Texas",1,0
1600000US4817960,4817960,"Crowley city, Texas",1,0
1600000US4818020,4818020,"Crystal City city, Texas",1,0
1600000US4818092,4818092,"Cuero city, Texas",1,0
1600000US4818464,4818464,"Daingerfield city, Texas",1,0
1600000US4818524,4818524,"Dalhart city, Texas",1,0
1600000US4819000,4819000,"Dallas city, Texas",1,0
1600000US4819432,4819432,"Dayton city, Texas",1,0
1600000US4819672,4819672,"De Leon city, Texas",1,0
1600000US4819528,4819528,"Decatur city, Texas",1,0
1600000US4819792,4819792,"Del Rio city, Texas",1,0
1600000US4819900,4819900,"Denison city, Texas",1,0
1600000US4819972,4819972,"Denton city, Texas",1,0
1600000US4819984,4819984,"Denver City town, Texas",1,0
1600000US4820092,4820092,"DeSoto city, Texas",1,0
1600000US4820308,4820308,"Diboll city, Texas",1,0
1600000US4820344,4820344,"Dickinson city, Texas",1,0
1600000US4820464,4820464,"Dimmitt city, Texas",1,0
1600000US4820884,4820884,"Donna city, Texas",1,0
1600000US4821556,4821556,"Dumas city, Texas",1,0
1600000US4821628,4821628,"Duncanville city, Texas",1,0
1600000US4821892,4821892,"Eagle Pass city, Texas",1,0
1600000US4822132,4822132,"Eastland city, Texas",1,0
1600000US4822660,4822660,"Edinburg city, Texas",1,0
1600000US4822720,4822720,"Edna city, Texas",1,0
1600000US4822864,4822864,"El Campo city, Texas",1,0
1600000US4824000,4824000,"El Paso city, Texas",1,0
1600000US4822984,4822984,"Electra city, Texas",1,0
1600000US4823044,4823044,"Elgin city, Texas",1,0
1600000US4824036,4824036,"Elsa city, Texas",1,0
1600000US4824348,4824348,"Ennis city, Texas",1,0
1600000US4824768,4824768,"Euless city, Texas",1,0
1600000US4824912,4824912,"Everman city, Texas",1,0
1600000US4825224,4825224,"Fairview town, Texas",1,0
1600000US4825452,4825452,"Farmers Branch city, Texas",1,0
1600000US4825572,4825572,"Fate city, Texas",1,0
1600000US4826160,4826160,"Floresville city, Texas",1,0
1600000US4826232,4826232,"Flower Mound town, Texas",1,0
1600000US4826544,4826544,"Forest Hill city, Texas",1,0
1600000US4826604,4826604,"Forney city, Texas",1,0
1600000US4827000,4827000,"Fort Worth city, Texas",1,0
1600000US4827348,4827348,"Fredericksburg city, Texas",1,0
1600000US4827420,4827420,"Freeport city, Texas",1,0
1600000US4827648,4827648,"Friendswood city, Texas",1,0
1600000US4827684,4827684,"Frisco city, Texas",1,0
1600000US4827984,4827984,"Gainesville city, Texas",1,0
1600000US4827996,4827996,"Galena Park city, Texas",1,0
1600000US4828068,4828068,"Galveston city, Texas",1,0
1600000US4829000,4829000,"Garland city, Texas",1,0
1600000US4829168,4829168,"Gatesville city, Texas",1,0
1600000US4829348,4829348,"George West city, Texas",1,0
1600000US4829336,4829336,"Georgetown city, Texas",1,0
1600000US4829432,4829432,"Giddings city, Texas",1,0
1600000US4829564,4829564,"Gilmer city, Texas",1,0
1600000US4829660,4829660,"Gladewater city, Texas",1,0
1600000US4829840,4829840,"Glenn Heights city, Texas",1,0
1600000US4830116,4830116,"Gonzales city, Texas",1,0
1600000US4830308,4830308,"Gorman city, Texas",1,0
1600000US4830392,4830392,"Graham city, Texas",1,0
1600000US4830416,4830416,"Granbury city, Texas",1,0
1600000US4830464,4830464,"Grand Prairie city, Texas",1,0
1600000US4830584,4830584,"Granite Shoals city, Texas",1,0
1600000US4830644,4830644,"Grapevine city, Texas",1,0
1600000US4830920,4830920,"Greenville city, Texas",1,0
1600000US4831328,4831328,"Groves city, Texas",1,0
1600000US4831592,4831592,"Gun Barrel City city, Texas",1,0
1600000US4831928,4831928,"Haltom City city, Texas",1,0
1600000US4832312,4832312,"Harker Heights city, Texas",1,0
1600000US4832372,4832372,"Harlingen city, Texas",1,0
1600000US4832972,4832972,"Hearne city, Texas",1,0
1600000US4832984,4832984,"Heath city, Texas",1,0
1600000US4833212,4833212,"Henderson city, Texas",1,0
1600000US4833320,4833320,"Hereford city, Texas",1,0
1600000US4833428,4833428,"Hewitt city, Texas",1,0
1600000US4833560,4833560,"Hidalgo city, Texas",1,0
1600000US4833824,4833824,"Highland Park town, Texas",1,0
1600000US4833848,4833848,"Highland Village city, Texas",1,0
1600000US4834088,4834088,"Hillsboro city, Texas",1,0
1600000US4834220,4834220,"Hitchcock city, Texas",1,0
1600000US4834676,4834676,"Hondo city, Texas",1,0
1600000US4834832,4834832,"Horizon City city, Texas",1,0
1600000US4834862,4834862,"Horseshoe Bay city, Texas",1,0
1600000US4835000,4835000,"Houston city, Texas",1,0
1600000US4835348,4835348,"Humble city, Texas",1,0
1600000US4835528,4835528,"Huntsville city, Texas",1,0
1600000US4835576,4835576,"Hurst city, Texas",1,0
1600000US4835624,4835624,"Hutto city, Texas",1,0
1600000US4836008,4836008,"Ingleside city, Texas",1,0
1600000US4836104,4836104,"Iowa Park city, Texas",1,0
1600000US4837000,4837000,"Irving city, Texas",1,0
1600000US4837156,4837156,"Jacinto City city, Texas",1,0
1600000US4837216,4837216,"Jacksonville city, Texas",1,0
1600000US4837420,4837420,"Jasper city, Texas",1,0
1600000US4837612,4837612,"Jersey Village city, Texas",1,0
1600000US4838080,4838080,"Joshua city, Texas",1,0
1600000US4838476,4838476,"Katy city, Texas",1,0
1600000US4838488,4838488,"Kaufman city, Texas",1,0
1600000US4838548,4838548,"Keene city, Texas",1,0
1600000US4838632,4838632,"Keller city, Texas",1,0
1600000US4838896,4838896,"Kennedale city, Texas",1,0
1600000US4839004,4839004,"Kermit city, Texas",1,0
1600000US4839040,4839040,"Kerrville city, Texas",1,0
1600000US4839124,4839124,"Kilgore city, Texas",1,0
1600000US4839148,4839148,"Killeen city, Texas",1,0
1600000US4839352,4839352,"Kingsville city, Texas",1,0
1600000US4839448,4839448,"Kirby city, Texas",1,0
1600000US4839952,4839952,"Kyle city, Texas",1,0
1600000US4840204,4840204,"La Feria city, Texas",1,0
1600000US4840276,4840276,"La Grange city, Texas",1,0
1600000US4841116,4841116,"La Marque city, Texas",1,0
1600000US4840168,4840168,"Lacy-Lakeview city, Texas",1,0
1600000US4840262,4840262,"Lago Vista CDP, Texas",1,0
1600000US4840516,4840516,"Lake Dallas city, Texas",1,0
1600000US4840588,4840588,"Lake Jackson city, Texas",1,0
1600000US4841056,4841056,"Lake Worth city, Texas",1,0
1600000US4840984,4840984,"Lakeway city, Texas",1,0
1600000US4841164,4841164,"Lamesa city, Texas",1,0
1600000US4841188,4841188,"Lampasas city, Texas",1,0
1600000US4841212,4841212,"Lancaster city, Texas",1,0
1600000US4841464,4841464,"Laredo city, Texas",1,0
1600000US4841980,4841980,"League City city, Texas",1,0
1600000US4842016,4842016,"Leander city, Texas",1,0
1600000US4842448,4842448,"Levelland city, Texas",1,0
1600000US4842508,4842508,"Lewisville city, Texas",1,0
1600000US4842568,4842568,"Liberty city, Texas",1,0
1600000US4843012,4843012,"Little Elm city, Texas",1,0
1600000US4843024,4843024,"Littlefield city, Texas",1,0
1600000US4843096,4843096,"Live Oak city, Texas",1,0
1600000US4843240,4843240,"Lockhart city, Texas",1,0
1600000US4843888,4843888,"Longview city, Texas",1,0
1600000US4844116,4844116,"Los Fresnos city, Texas",1,0
1600000US4845000,4845000,"Lubbock city, Texas",1,0
1600000US4845012,4845012,"Lucas city, Texas",1,0
1600000US4845072,4845072,"Lufkin city, Texas",1,0
1600000US4845096,4845096,"Luling city, Texas",1,0
1600000US4845120,4845120,"Lumberton city, Texas",1,0
1600000US4846440,4846440,"Manor city, Texas",1,0
1600000US4846452,4846452,"Mansfield city, Texas",1,0
1600000US4846584,4846584,"Marble Falls city, Texas",1,0
1600000US4846740,4846740,"Marlin city, Texas",1,0
1600000US4846776,4846776,"Marshall city, Texas",1,0
1600000US4847040,4847040,"Mathis city, Texas",1,0
1600000US4845384,4845384,"McAllen city, Texas",1,0
1600000US4845672,4845672,"McGregor city, Texas",1,0
1600000US4845744,4845744,"McKinney city, Texas",1,0
1600000US4847700,4847700,"Mercedes city, Texas",1,0
1600000US4847898,4847898,"Mesquite CDP, Texas",1,0
1600000US4847916,4847916,"Mexia city, Texas",1,0
1600000US4848096,4848096,"Midlothian city, Texas",1,0
1600000US4848684,4848684,"Mineral Wells city, Texas",1,0
1600000US4848768,4848768,"Mission city, Texas",1,0
1600000US4848804,4848804,"Missouri City city, Texas",1,0
1600000US4848936,4848936,"Monahans city, Texas",1,0
1600000US4849800,4849800,"Mount Pleasant city, Texas",1,0
1600000US4849968,4849968,"Muleshoe city, Texas",1,0
1600000US4850100,4850100,"Murphy city, Texas",1,0
1600000US4850256,4850256,"Nacogdoches city, Texas",1,0
1600000US4850376,4850376,"Nassau Bay city, Texas",1,0
1600000US4850472,4850472,"Navasota city, Texas",1,0
1600000US4850580,4850580,"Nederland city, Texas",1,0
1600000US4850820,4850820,"New Braunfels city, Texas",1,0
1600000US4852356,4852356,"North Richland Hills city, Texas",1,0
1600000US4853388,4853388,"Odessa city, Texas",1,0
1600000US4854000,4854000,"Olney city, Texas",1,0
1600000US4854132,4854132,"Orange city, Texas",1,0
1600000US4854684,4854684,"Palacios city, Texas",1,0
1600000US4854708,4854708,"Palestine city, Texas",1,0
1600000US4854912,4854912,"Pampa city, Texas",1,0
1600000US4855080,4855080,"Paris city, Texas",1,0
1600000US4856000,4856000,"Pasadena city, Texas",1,0
1600000US4856348,4856348,"Pearland city, Texas",1,0
1600000US4856384,4856384,"Pearsall city, Texas",1,0
1600000US4856516,4856516,"Pecos city, Texas",1,0
1600000US4857176,4857176,"Pflugerville city, Texas",1,0
1600000US4857200,4857200,"Pharr city, Texas",1,0
1600000US4857908,4857908,"Pittsburg city, Texas",1,0
1600000US4857980,4857980,"Plainview city, Texas",1,0
1600000US4858016,4858016,"Plano city, Texas",1,0
1600000US4858280,4858280,"Pleasanton city, Texas",1,0
1600000US4858808,4858808,"Port Aransas city, Texas",1,0
1600000US4858820,4858820,"Port Arthur city, Texas",1,0
1600000US4858892,4858892,"Port Isabel city, Texas",1,0
1600000US4858916,4858916,"Port Lavaca city, Texas",1,0
1600000US4858940,4858940,"Port Neches city, Texas",1,0
1600000US4858904,4858904,"Portland city, Texas",1,0
1600000US4859696,4859696,"Prosper town, Texas",1,0
1600000US4860044,4860044,"Quanah city, Texas",1,0
1600000US4860632,4860632,"Ranger city, Texas",1,0
1600000US4860836,4860836,"Raymondville city, Texas",1,0
1600000US4861196,4861196,"Red Oak city, Texas",1,0
1600000US4861796,4861796,"Richardson city, Texas",1,0
1600000US4861844,4861844,"Richland Hills city, Texas",1,0
1600000US4862168,4862168,"Rio Grande City city, Texas",1,0
1600000US4862384,4862384,"River Oaks city, Texas",1,0
1600000US4862504,4862504,"Roanoke city, Texas",1,0
1600000US4862588,4862588,"Robinson city, Texas",1,0
1600000US4862600,4862600,"Robstown city, Texas",1,0
1600000US4862672,4862672,"Rockdale city, Texas",1,0
1600000US4862804,4862804,"Rockport city, Texas",1,0
1600000US4862828,4862828,"Rockwall city, Texas",1,0
1600000US4863020,4863020,"Roma city, Texas",1,0
1600000US4863284,4863284,"Rosenberg city, Texas",1,0
1600000US4863500,4863500,"Round Rock city, Texas",1,0
1600000US4863572,4863572,"Rowlett city, Texas",1,0
1600000US4863668,4863668,"Royse City city, Texas",1,0
1600000US4863848,4863848,"Rusk city, Texas",1,0
1600000US4864064,4864064,"Sachse city, Texas",1,0
1600000US4864112,4864112,"Saginaw city, Texas",1,0
1600000US4864472,4864472,"San Angelo city, Texas",1,0
1600000US4865000,4865000,"San Antonio city, Texas",1,0
1600000US4865036,4865036,"San Benito city, Texas",1,0
1600000US4865516,4865516,"San Juan city, Texas",1,0
1600000US4865600,4865600,"San Marcos city, Texas",1,0
1600000US4865408,4865408,"Sanger city, Texas",1,0
1600000US4865726,4865726,"Santa Fe city, Texas",1,0
1600000US4866128,4866128,"Schertz city, Texas",1,0
1600000US4866392,4866392,"Seabrook city, Texas",1,0
1600000US4866428,4866428,"Seagoville city, Texas",1,0
1600000US4866464,4866464,"Sealy city, Texas",1,0
1600000US4866644,4866644,"Seguin city, Texas",1,0
1600000US4866764,4866764,"Seminole city, Texas",1,0
1600000US4867496,4867496,"Sherman city, Texas",1,0
1600000US4867832,4867832,"Silsbee city, Texas",1,0
1600000US4868036,4868036,"Sinton city, Texas",1,0
1600000US4868180,4868180,"Slaton city, Texas",1,0
1600000US4868624,4868624,"Snyder city, Texas",1,0
1600000US4868636,4868636,"Socorro city, Texas",1,0
1600000US4869032,4869032,"Southlake city, Texas",1,0
1600000US4869908,4869908,"Stafford city, Texas",1,0
1600000US4869980,4869980,"Stamford city, Texas",1,0
1600000US4870208,4870208,"Stephenville city, Texas",1,0
1600000US4870808,4870808,"Sugar Land city, Texas",1,0
1600000US4870904,4870904,"Sulphur Springs city, Texas",1,0
1600000US4871492,4871492,"Sweeny city, Texas",1,0
1600000US4871540,4871540,"Sweetwater city, Texas",1,0
1600000US4871948,4871948,"Taylor city, Texas",1,0
1600000US4872176,4872176,"Temple city, Texas",1,0
1600000US4872284,4872284,"Terrell city, Texas",1,0
1600000US4872296,4872296,"Terrell Hills city, Texas",1,0
1600000US4872368,4872368,"Texarkana city, Texas",1,0
1600000US4872392,4872392,"Texas City city, Texas",1,0
1600000US4872530,4872530,"The Colony city, Texas",1,0
1600000US4873316,4873316,"Tomball city, Texas",1,0
1600000US4873710,4873710,"Trophy Club town, Texas",1,0
1600000US4873868,4873868,"Tulia city, Texas",1,0
1600000US4874144,4874144,"Tyler city, Texas",1,0
1600000US4874408,4874408,"Universal City city, Texas",1,0
1600000US4874492,4874492,"University Park city, Texas",1,0
1600000US4874588,4874588,"Uvalde city, Texas",1,0
1600000US4875308,4875308,"Vernon city, Texas",1,0
1600000US4875428,4875428,"Victoria city, Texas",1,0
1600000US4875476,4875476,"Vidor city, Texas",1,0
1600000US4876000,4876000,"Waco city, Texas",1,0
1600000US4876096,4876096,"Wake Village city, Texas",1,0
1600000US4876672,4876672,"Watauga city, Texas",1,0
1600000US4876816,4876816,"Waxahachie city, Texas",1,0
1600000US4876864,4876864,"Weatherford city, Texas",1,0
1600000US4876948,4876948,"Webster city, Texas",1,0
1600000US4877272,4877272,"Weslaco city, Texas",1,0
1600000US4877752,4877752,"West Orange city, Texas",1,0
1600000US4877956,4877956,"West University Place city, Texas",1,0
1600000US4878136,4878136,"Wharton city, Texas",1,0
1600000US4878436,4878436,"White Oak city, Texas",1,0
1600000US4878544,4878544,"White Settlement city, Texas",1,0
1600000US4878388,4878388,"Whitehouse city, Texas",1,0
1600000US4879000,4879000,"Wichita Falls city, Texas",1,0
1600000US4879408,4879408,"Willis city, Texas",1,0
1600000US4879672,4879672,"Windcrest city, Texas",1,0
1600000US4880224,4880224,"Woodway city, Texas",1,0
1600000US4880356,4880356,"Wylie city, Texas",1,0
1600000US4880560,4880560,"Yoakum city, Texas",1,0
1600000US4800100,4800100,"Abbott city, Texas",0,0
1600000US4800160,4800160,"Abernathy city, Texas",0,0
1600000US4801060,4801060,"Abram CDP, Texas",0,0
1600000US4801108,4801108,"Ackerly city, Texas",0,0
1600000US4801324,4801324,"Adrian city, Texas",0,0
1600000US4801390,4801390,"Agua Dulce CDP, Texas",0,0
1600000US4801396,4801396,"Agua Dulce city, Texas",0,0
1600000US4801420,4801420,"Aguilares CDP, Texas",0,0
1600000US4801500,4801500,"Airport Heights CDP, Texas",0,0
1600000US4801514,4801514,"Airport Road Addition CDP, Texas",0,0
1600000US4801636,4801636,"Alba town, Texas",0,0
1600000US4801648,4801648,"Albany city, Texas",0,0
1600000US4801696,4801696,"Aldine CDP, Texas",0,0
1600000US4801744,4801744,"Aledo city, Texas",0,0
1600000US4801816,4801816,"Alfred CDP, Texas",0,0
1600000US4801858,4801858,"Alice Acres CDP, Texas",0,0
1600000US4802044,4802044,"Alma town, Texas",0,0
1600000US4802194,4802194,"Alto Bonito Heights CDP, Texas",0,0
1600000US4802188,4802188,"Alto town, Texas",0,0
1600000US4802260,4802260,"Alvarado city, Texas",0,0
1600000US4802284,4802284,"Alvord town, Texas",0,0
1600000US4802286,4802286,"Amada Acres CDP, Texas",0,0
1600000US4802290,4802290,"Amargosa CDP, Texas",0,0
1600000US4803008,4803008,"Amaya CDP, Texas",0,0
1600000US4803072,4803072,"Ames city, Texas",0,0
1600000US4803084,4803084,"Amherst city, Texas",0,0
1600000US4803096,4803096,"Amistad CDP, Texas",0,0
1600000US4803126,4803126,"Anacua CDP, Texas",0,0
1600000US4803144,4803144,"Anahuac city, Texas",0,0
1600000US4803192,4803192,"Anderson city, Texas",0,0
1600000US4803288,4803288,"Angus city, Texas",0,0
1600000US4803340,4803340,"Annetta North town, Texas",0,0
1600000US4803342,4803342,"Annetta South town, Texas",0,0
1600000US4803336,4803336,"Annetta town, Texas",0,0
1600000US4803360,4803360,"Annona town, Texas",0,0
1600000US4803432,4803432,"Anthony town, Texas",0,0
1600000US4803540,4803540,"Anton city, Texas",0,0
1600000US4803564,4803564,"Appleby city, Texas",0,0
1600000US4803588,4803588,"Aquilla city, Texas",0,0
1600000US4803696,4803696,"Archer City city, Texas",0,0
1600000US4803708,4803708,"Arcola city, Texas",0,0
1600000US4803768,4803768,"Argyle city, Texas",0,0
1600000US4804156,4804156,"Arp city, Texas",0,0
1600000US4804174,4804174,"Arroyo Colorado Estates CDP, Texas",0,0
1600000US4804176,4804176,"Arroyo Gardens CDP, Texas",0,0
1600000US4804300,4804300,"Asherton city, Texas",0,0
1600000US4804408,4804408,"Aspermont town, Texas",0,0
1600000US4804462,4804462,"Atascocita CDP, Texas",0,0
1600000US4804600,4804600,"Aubrey city, Texas",0,0
1600000US4804672,4804672,"Aurora city, Texas",0,0
1600000US4805036,4805036,"Austwell city, Texas",0,0
1600000US4805072,4805072,"Avery town, Texas",0,0
1600000US4805084,4805084,"Avinger town, Texas",0,0
1600000US4805520,4805520,"B and E CDP, Texas",0,0
1600000US4805180,4805180,"Bacliff CDP, Texas",0,0
1600000US4805264,4805264,"Bailey city, Texas",0,0
1600000US4805288,4805288,"Bailey's Prairie village, Texas",0,0
1600000US4805336,4805336,"Baird city, Texas",0,0
1600000US4805384,4805384,"Balcones Heights city, Texas",0,0
1600000US4805468,4805468,"Balmorhea city, Texas",0,0
1600000US4805528,4805528,"Bandera city, Texas",0,0
1600000US4805552,4805552,"Bangs city, Texas",0,0
1600000US4805576,4805576,"Banquete CDP, Texas",0,0
1600000US4805612,4805612,"Bardwell city, Texas",0,0
1600000US4805690,4805690,"Barrera CDP, Texas",0,0
1600000US4805696,4805696,"Barrett CDP, Texas",0,0
1600000US4805708,4805708,"Barry city, Texas",0,0
1600000US4805720,4805720,"Barstow city, Texas",0,0
1600000US4805732,4805732,"Bartlett city, Texas",0,0
1600000US4805750,4805750,"Barton Creek CDP, Texas",0,0
1600000US4805768,4805768,"Bartonville town, Texas",0,0
1600000US4805924,4805924,"Batesville CDP, Texas",0,0
1600000US4806060,4806060,"Bayou Vista city, Texas",0,0
1600000US4806104,4806104,"Bayside town, Texas",0,0
1600000US4806140,4806140,"Bayview town, Texas",0,0
1600000US4806200,4806200,"Beach City city, Texas",0,0
1600000US4806242,4806242,"Bear Creek village, Texas",0,0
1600000US4806272,4806272,"Beasley city, Texas",0,0
1600000US4807108,4807108,"Beckville city, Texas",0,0
1600000US4807144,4807144,"Bedias city, Texas",0,0
1600000US4807396,4807396,"Bellevue city, Texas",0,0
1600000US4807420,4807420,"Bells town, Texas",0,0
1600000US4807432,4807432,"Bellville city, Texas",0,0
1600000US4807528,4807528,"Benavides city, Texas",0,0
1600000US4807636,4807636,"Benjamin city, Texas",0,0
1600000US4807642,4807642,"Benjamin Perez CDP, Texas",0,0
1600000US4807852,4807852,"Berryville town, Texas",0,0
1600000US4807864,4807864,"Bertram city, Texas",0,0
1600000US4808104,4808104,"Beverly Hills city, Texas",0,0
1600000US4808128,4808128,"Bevil Oaks city, Texas",0,0
1600000US4808212,4808212,"Big Lake city, Texas",0,0
1600000US4808224,4808224,"Big Sandy town, Texas",0,0
1600000US4808240,4808240,"Big Thicket Lake Estates CDP, Texas",0,0
1600000US4808260,4808260,"Big Wells city, Texas",0,0
1600000US4808164,4808164,"Bigfoot CDP, Texas",0,0
1600000US4808392,4808392,"Bishop city, Texas",0,0
1600000US4808398,4808398,"Bishop Hills town, Texas",0,0
1600000US4808410,4808410,"Bixby CDP, Texas",0,0
1600000US4808488,4808488,"Blackwell city, Texas",0,0
1600000US4808536,4808536,"Blanco city, Texas",0,0
1600000US4808596,4808596,"Blanket town, Texas",0,0
1600000US4808668,4808668,"Blessing CDP, Texas",0,0
1600000US4808752,4808752,"Bloomburg town, Texas",0,0
1600000US4808788,4808788,"Blooming Grove town, Texas",0,0
1600000US4808800,4808800,"Bloomington CDP, Texas",0,0
1600000US4808812,4808812,"Blossom city, Texas",0,0
1600000US4808830,4808830,"Blue Berry Hill CDP, Texas",0,0
1600000US4808860,4808860,"Blue Mound city, Texas",0,0
1600000US4808872,4808872,"Blue Ridge city, Texas",0,0
1600000US4808908,4808908,"Bluetown CDP, Texas",0,0
1600000US4809004,4809004,"Blum town, Texas",0,0
1600000US4809172,4809172,"Bogata city, Texas",0,0
1600000US4809232,4809232,"Boling CDP, Texas",0,0
1600000US4809250,4809250,"Bolivar Peninsula CDP, Texas",0,0
1600000US4809310,4809310,"Bonanza Hills CDP, Texas",0,0
1600000US4809388,4809388,"Bonney village, Texas",0,0
1600000US4809448,4809448,"Booker town, Texas",0,0
1600000US4809598,4809598,"Botines CDP, Texas",0,0
1600000US4809628,4809628,"Bovina city, Texas",0,0
1600000US4809656,4809656,"Box Canyon CDP, Texas",0,0
1600000US4809748,4809748,"Boyd town, Texas",0,0
1600000US4809796,4809796,"Boys Ranch CDP, Texas",0,0
1600000US4809868,4809868,"Brackettville city, Texas",0,0
1600000US4810072,4810072,"Brazoria city, Texas",0,0
1600000US4810087,4810087,"Brazos Bend city, Texas",0,0
1600000US4810090,4810090,"Brazos Country city, Texas",0,0
1600000US4810144,4810144,"Bremond city, Texas",0,0
1600000US4810192,4810192,"Briar CDP, Texas",0,0
1600000US4810197,4810197,"Briarcliff village, Texas",0,0
1600000US4810216,4810216,"Briaroaks city, Texas",0,0
1600000US4810264,4810264,"Bridgeport city, Texas",0,0
1600000US4810336,4810336,"Bristol CDP, Texas",0,0
1600000US4810384,4810384,"Broaddus town, Texas",0,0
1600000US4810528,4810528,"Bronte town, Texas",0,0
1600000US4810636,4810636,"Brookshire city, Texas",0,0
1600000US4810648,4810648,"Brookside Village city, Texas",0,0
1600000US4810708,4810708,"Browndell city, Texas",0,0
1600000US4810756,4810756,"Brownsboro city, Texas",0,0
1600000US4810828,4810828,"Bruceville-Eddy city, Texas",0,0
1600000US4810852,4810852,"Brundage CDP, Texas",0,0
1600000US4810876,4810876,"Bruni CDP, Texas",0,0
1600000US4810897,4810897,"Brushy Creek CDP, Texas",0,0
1600000US4810960,4810960,"Bryson city, Texas",0,0
1600000US4810984,4810984,"Buchanan Dam CDP, Texas",0,0
1600000US4810990,4810990,"Buchanan Lake Village CDP, Texas",0,0
1600000US4811020,4811020,"Buckholts town, Texas",0,0
1600000US4811102,4811102,"Buena Vista CDP, Texas",0,0
1600000US4811116,4811116,"Buffalo city, Texas",0,0
1600000US4811128,4811128,"Buffalo Gap town, Texas",0,0
1600000US4811155,4811155,"Buffalo Springs village, Texas",0,0
1600000US4811212,4811212,"Bullard town, Texas",0,0
1600000US4811236,4811236,"Buna CDP, Texas",0,0
1600000US4811300,4811300,"Bunker Hill Village city, Texas",0,0
1600000US4811380,4811380,"Burke city, Texas",0,0
1600000US4811536,4811536,"Burton city, Texas",0,0
1600000US4811626,4811626,"Butterfield CDP, Texas",0,0
1600000US4811644,4811644,"Byers city, Texas",0,0
1600000US4811656,4811656,"Bynum town, Texas",0,0
1600000US4811692,4811692,"Cactus city, Texas",0,0
1600000US4811716,4811716,"Caddo Mills city, Texas",0,0
1600000US4811836,4811836,"Caldwell city, Texas",0,0
1600000US4811940,4811940,"Callender Lake CDP, Texas",0,0
1600000US4811968,4811968,"Callisburg city, Texas",0,0
1600000US4811992,4811992,"Calvert city, Texas",0,0
1600000US4812010,4812010,"Camargito CDP, Texas",0,0
1600000US4812045,4812045,"Cameron Park CDP, Texas",0,0
1600000US4812334,4812334,"Camp Swift CDP, Texas",0,0
1600000US4812388,4812388,"Camp Wood city, Texas",0,0
1600000US4812112,4812112,"Campbell city, Texas",0,0
1600000US4812226,4812226,"Campo Verde CDP, Texas",0,0
1600000US4812412,4812412,"Canadian city, Texas",0,0
1600000US4812472,4812472,"Caney City town, Texas",0,0
1600000US4812496,4812496,"Canton city, Texas",0,0
1600000US4812502,4812502,"Cantu Addition CDP, Texas",0,0
1600000US4812508,4812508,"Canutillo CDP, Texas",0,0
1600000US4812562,4812562,"Canyon Creek CDP, Texas",0,0
1600000US4812580,4812580,"Canyon Lake CDP, Texas",0,0
1600000US4812600,4812600,"Cape Royale CDP, Texas",0,0
1600000US4812736,4812736,"Carbon town, Texas",0,0
1600000US4812895,4812895,"Carl's Corner town, Texas",0,0
1600000US4812892,4812892,"Carlsbad CDP, Texas",0,0
1600000US4812916,4812916,"Carmine city, Texas",0,0
1600000US4812982,4812982,"Carrizo Hill CDP, Texas",0,0
1600000US4813128,4813128,"Casa Blanca CDP, Texas",0,0
1600000US4813150,4813150,"Casas CDP, Texas",0,0
1600000US4813198,4813198,"Cashion Community city, Texas",0,0
1600000US4813276,4813276,"Castle Hills city, Texas",0,0
1600000US4813312,4813312,"Castroville city, Texas",0,0
1600000US4813324,4813324,"Catarina CDP, Texas",0,0
1600000US4813570,4813570,"Cedar Point CDP, Texas",0,0
1600000US4813672,4813672,"Celeste city, Texas",0,0
1600000US4813900,4813900,"Centerville city, Texas",0,0
1600000US4813972,4813972,"Central Gardens CDP, Texas",0,0
1600000US4814038,4814038,"César Chávez CDP, Texas",0,0
1600000US4814224,4814224,"Chandler city, Texas",0,0
1600000US4814236,4814236,"Channelview CDP, Texas",0,0
1600000US4814260,4814260,"Channing city, Texas",0,0
1600000US4814266,4814266,"Chaparrito CDP, Texas",0,0
1600000US4814290,4814290,"Chapeno CDP, Texas",0,0
1600000US4814404,4814404,"Charlotte city, Texas",0,0
1600000US4814584,4814584,"Chester town, Texas",0,0
1600000US4814620,4814620,"Chico city, Texas",0,0
1600000US4814680,4814680,"Chillicothe city, Texas",0,0
1600000US4814692,4814692,"Chilton CDP, Texas",0,0
1600000US4814704,4814704,"China city, Texas",0,0
1600000US4814716,4814716,"China Grove town, Texas",0,0
1600000US4814740,4814740,"China Spring CDP, Texas",0,0
1600000US4814776,4814776,"Chireno city, Texas",0,0
1600000US4814860,4814860,"Christine town, Texas",0,0
1600000US4814872,4814872,"Christoval CDP, Texas",0,0
1600000US4814880,4814880,"Chula Vista CDP (Cameron County), Texas",0,0
1600000US4814881,4814881,"Chula Vista CDP (Maverick County), Texas",0,0
1600000US4814882,4814882,"Chula Vista CDP (Zavala County), Texas",0,0
1600000US4814927,4814927,"Cienegas Terrace CDP, Texas",0,0
1600000US4814929,4814929,"Cinco Ranch CDP, Texas",0,0
1600000US4814986,4814986,"Circle D-KC Estates CDP, Texas",0,0
1600000US4815028,4815028,"Citrus City CDP, Texas",0,0
1600000US4815112,4815112,"Clarendon city, Texas",0,0
1600000US4815172,4815172,"Clarksville City city, Texas",0,0
1600000US4815160,4815160,"Clarksville city, Texas",0,0
1600000US4815196,4815196,"Claude city, Texas",0,0
1600000US4815328,4815328,"Clear Lake Shores city, Texas",0,0
1600000US4815472,4815472,"Clifton city, Texas",0,0
1600000US4815544,4815544,"Clint town, Texas",0,0
1600000US4815628,4815628,"Cloverleaf CDP, Texas",0,0
1600000US4815676,4815676,"Clyde city, Texas",0,0
1600000US4815700,4815700,"Coahoma town, Texas",0,0
1600000US4815796,4815796,"Cockrell Hill city, Texas",0,0
1600000US4815820,4815820,"Coffee City town, Texas",0,0
1600000US4815892,4815892,"Coldspring city, Texas",0,0
1600000US4816036,4816036,"Collinsville town, Texas",0,0
1600000US4816048,4816048,"Colmesneil city, Texas",0,0
1600000US4816110,4816110,"Colorado Acres CDP, Texas",0,0
1600000US4816168,4816168,"Columbus city, Texas",0,0
1600000US4816192,4816192,"Comanche city, Texas",0,0
1600000US4816204,4816204,"Combes town, Texas",0,0
1600000US4816216,4816216,"Combine city, Texas",0,0
1600000US4816228,4816228,"Comfort CDP, Texas",0,0
1600000US4816252,4816252,"Como town, Texas",0,0
1600000US4816300,4816300,"Concepcion CDP, Texas",0,0
1600000US4816540,4816540,"Cool city, Texas",0,0
1600000US4816552,4816552,"Coolidge town, Texas",0,0
1600000US4816564,4816564,"Cooper city, Texas",0,0
1600000US4816636,4816636,"Copper Canyon town, Texas",0,0
1600000US4817024,4817024,"Corral City town, Texas",0,0
1600000US4817036,4817036,"Corrigan town, Texas",0,0
1600000US4817200,4817200,"Cottonwood city, Texas",0,0
1600000US4817208,4817208,"Cottonwood Shores city, Texas",0,0
1600000US4817216,4817216,"Cotulla city, Texas",0,0
1600000US4817236,4817236,"Country Acres CDP, Texas",0,0
1600000US4817312,4817312,"Coupland city, Texas",0,0
1600000US4817336,4817336,"Cove city, Texas",0,0
1600000US4817372,4817372,"Covington city, Texas",0,0
1600000US4817408,4817408,"Coyanosa CDP, Texas",0,0
1600000US4817426,4817426,"Coyote Acres CDP, Texas",0,0
1600000US4817429,4817429,"Coyote Flats city, Texas",0,0
1600000US4817504,4817504,"Crandall city, Texas",0,0
1600000US4817516,4817516,"Crane city, Texas",0,0
1600000US4817540,4817540,"Cranfills Gap city, Texas",0,0
1600000US4817564,4817564,"Crawford town, Texas",0,0
1600000US4817612,4817612,"Creedmoor city, Texas",0,0
1600000US4817648,4817648,"Cresson city, Texas",0,0
1600000US4817756,4817756,"Crosby CDP, Texas",0,0
1600000US4817768,4817768,"Crosbyton city, Texas",0,0
1600000US4817811,4817811,"Cross Mountain CDP, Texas",0,0
1600000US4817816,4817816,"Cross Plains town, Texas",0,0
1600000US4817852,4817852,"Cross Roads town, Texas",0,0
1600000US4817917,4817917,"Cross Timber town, Texas",0,0
1600000US4817948,4817948,"Crowell city, Texas",0,0
1600000US4818104,4818104,"Cuevitas CDP, Texas",0,0
1600000US4818128,4818128,"Cumby city, Texas",0,0
1600000US4818134,4818134,"Cumings CDP, Texas",0,0
1600000US4818152,4818152,"Cuney town, Texas",0,0
1600000US4818224,4818224,"Cushing city, Texas",0,0
1600000US4818260,4818260,"Cut and Shoot city, Texas",0,0
1600000US4818476,4818476,"Daisetta city, Texas",0,0
1600000US4819084,4819084,"Dalworthington Gardens city, Texas",0,0
1600000US4819108,4819108,"Damon CDP, Texas",0,0
1600000US4819120,4819120,"Danbury city, Texas",0,0
1600000US4819288,4819288,"Darrouzett town, Texas",0,0
1600000US4819420,4819420,"Dawson town, Texas",0,0
1600000US4819435,4819435,"Dayton Lakes city, Texas",0,0
1600000US4819648,4819648,"De Kalb city, Texas",0,0
1600000US4819456,4819456,"Dean city, Texas",0,0
1600000US4819570,4819570,"DeCordova city, Texas",0,0
1600000US4819624,4819624,"Deer Park city, Texas",0,0
1600000US4819714,4819714,"Del Mar Heights CDP, Texas",0,0
1600000US4819808,4819808,"Del Sol CDP, Texas",0,0
1600000US4819708,4819708,"Dell City city, Texas",0,0
1600000US4819732,4819732,"Delmita CDP, Texas",0,0
1600000US4820020,4820020,"Deport city, Texas",0,0
1600000US4820128,4820128,"Detroit town, Texas",0,0
1600000US4820140,4820140,"Devers city, Texas",0,0
1600000US4820152,4820152,"Devine city, Texas",0,0
1600000US4820212,4820212,"Deweyville CDP, Texas",0,0
1600000US4820248,4820248,"D'Hanis CDP, Texas",0,0
1600000US4820332,4820332,"Dickens city, Texas",0,0
1600000US4820428,4820428,"Dilley city, Texas",0,0
1600000US4820540,4820540,"DISH town, Texas",0,0
1600000US4820680,4820680,"Dodd City town, Texas",0,0
1600000US4820716,4820716,"Dodson town, Texas",0,0
1600000US4820734,4820734,"Doffing CDP, Texas",0,0
1600000US4820848,4820848,"Domino town, Texas",0,0
1600000US4820926,4820926,"Doolittle CDP, Texas",0,0
1600000US4820932,4820932,"Dorchester city, Texas",0,0
1600000US4821028,4821028,"Double Oak town, Texas",0,0
1600000US4821112,4821112,"Douglassville town, Texas",0,0
1600000US4821412,4821412,"Driftwood CDP, Texas",0,0
1600000US4821424,4821424,"Dripping Springs city, Texas",0,0
1600000US4821436,4821436,"Driscoll city, Texas",0,0
1600000US4821484,4821484,"Dublin city, Texas",0,0
1600000US4823398,4823398,"E. Lopez CDP, Texas",0,0
1600000US4821844,4821844,"Eagle Lake city, Texas",0,0
1600000US4821904,4821904,"Early city, Texas",0,0
1600000US4821928,4821928,"Earth city, Texas",0,0
1600000US4821958,4821958,"East Alto Bonito CDP, Texas",0,0
1600000US4821988,4821988,"East Bernard city, Texas",0,0
1600000US4822168,4822168,"East Mountain city, Texas",0,0
1600000US4822276,4822276,"East Tawakoni city, Texas",0,0
1600000US4822192,4822192,"Easton city, Texas",0,0
1600000US4822516,4822516,"Ector city, Texas",0,0
1600000US4822528,4822528,"Edcouch city, Texas",0,0
1600000US4822552,4822552,"Eden city, Texas",0,0
1600000US4822588,4822588,"Edgecliff Village town, Texas",0,0
1600000US4822593,4822593,"Edgewater Estates CDP, Texas",0,0
1600000US4822612,4822612,"Edgewood town, Texas",0,0
1600000US4822708,4822708,"Edmonson town, Texas",0,0
1600000US4822744,4822744,"Edom city, Texas",0,0
1600000US4822768,4822768,"Edroy CDP, Texas",0,0
1600000US4822810,4822810,"Eidson Road CDP, Texas",0,0
1600000US4822853,4822853,"El Brazil CDP, Texas",0,0
1600000US4822858,4822858,"El Camino Angosto CDP, Texas",0,0
1600000US4822892,4822892,"El Castillo CDP, Texas",0,0
1600000US4822898,4822898,"El Cenizo CDP, Texas",0,0
1600000US4822905,4822905,"El Cenizo city, Texas",0,0
1600000US4822920,4822920,"El Chaparral CDP, Texas",0,0
1600000US4823080,4823080,"El Indio CDP, Texas",0,0
1600000US4823164,4823164,"El Lago city, Texas",0,0
1600000US4823278,4823278,"El Mesquite CDP, Texas",0,0
1600000US4824013,4824013,"El Quiote CDP, Texas",0,0
1600000US4824015,4824015,"El Rancho Vela CDP, Texas",0,0
1600000US4824018,4824018,"El Refugio CDP, Texas",0,0
1600000US4824055,4824055,"El Socio CDP, Texas",0,0
1600000US4822840,4822840,"Elbert CDP, Texas",0,0
1600000US4822960,4822960,"Eldorado city, Texas",0,0
1600000US4823062,4823062,"Elias-Fela Solis CDP, Texas",0,0
1600000US4823140,4823140,"Elkhart town, Texas",0,0
1600000US4823254,4823254,"Elm Creek CDP, Texas",0,0
1600000US4823272,4823272,"Elmendorf city, Texas",0,0
1600000US4823356,4823356,"Elmo CDP, Texas",0,0
1600000US4824158,4824158,"Emerald Bay CDP, Texas",0,0
1600000US4824168,4824168,"Emhouse town, Texas",0,0
1600000US4824216,4824216,"Emory city, Texas",0,0
1600000US4824223,4824223,"Encantada-Ranchito-El Calaboz CDP, Texas",0,0
1600000US4824228,4824228,"Enchanted Oaks town, Texas",0,0
1600000US4824240,4824240,"Encinal city, Texas",0,0
1600000US4824252,4824252,"Encino CDP, Texas",0,0
1600000US4824552,4824552,"Escobares city, Texas",0,0
1600000US4824636,4824636,"Estelline town, Texas",0,0
1600000US4824738,4824738,"Eugenio Saenz CDP, Texas",0,0
1600000US4824816,4824816,"Eureka city, Texas",0,0
1600000US4824828,4824828,"Eustace city, Texas",0,0
1600000US4824840,4824840,"Evadale CDP, Texas",0,0
1600000US4824864,4824864,"Evant town, Texas",0,0
1600000US4824894,4824894,"Evergreen CDP, Texas",0,0
1600000US4825032,4825032,"Fabens CDP, Texas",0,0
1600000US4825038,4825038,"Fabrica CDP, Texas",0,0
1600000US4825068,4825068,"Fairchilds village, Texas",0,0
1600000US4825104,4825104,"Fairfield city, Texas",0,0
1600000US4825344,4825344,"Falcon Heights CDP, Texas",0,0
1600000US4825348,4825348,"Falcon Lake Estates CDP, Texas",0,0
1600000US4825352,4825352,"Falcon Mesa CDP, Texas",0,0
1600000US4825356,4825356,"Falcon Village CDP, Texas",0,0
1600000US4825338,4825338,"Falconaire CDP, Texas",0,0
1600000US4825368,4825368,"Falfurrias city, Texas",0,0
1600000US4825392,4825392,"Falls City city, Texas",0,0
1600000US4825397,4825397,"Falman CDP, Texas",0,0
1600000US4825404,4825404,"Fannett CDP, Texas",0,0
1600000US4825488,4825488,"Farmersville city, Texas",0,0
1600000US4825548,4825548,"Farwell city, Texas",0,0
1600000US4825644,4825644,"Fayetteville city, Texas",0,0
1600000US4825656,4825656,"Faysville CDP, Texas",0,0
1600000US4825744,4825744,"Fernando Salinas CDP, Texas",0,0
1600000US4825752,4825752,"Ferris city, Texas",0,0
1600000US4825795,4825795,"Fifth Street CDP, Texas",0,0
1600000US4826028,4826028,"Flatonia town, Texas",0,0
1600000US4826130,4826130,"Flor del Rio CDP, Texas",0,0
1600000US4826136,4826136,"Florence city, Texas",0,0
1600000US4826220,4826220,"Flowella CDP, Texas",0,0
1600000US4826268,4826268,"Floydada city, Texas",0,0
1600000US4826328,4826328,"Follett city, Texas",0,0
1600000US4826640,4826640,"Forsan city, Texas",0,0
1600000US4826664,4826664,"Fort Bliss CDP, Texas",0,0
1600000US4826680,4826680,"Fort Clark Springs CDP, Texas",0,0
1600000US4826688,4826688,"Fort Davis CDP, Texas",0,0
1600000US4826724,4826724,"Fort Hancock CDP, Texas",0,0
1600000US4826736,4826736,"Fort Hood CDP, Texas",0,0
1600000US4826808,4826808,"Fort Stockton city, Texas",0,0
1600000US4827102,4827102,"Four Corners CDP, Texas",0,0
1600000US4827124,4827124,"Four Points CDP, Texas",0,0
1600000US4827144,4827144,"Fowlerton CDP, Texas",0,0
1600000US4827288,4827288,"Franklin city, Texas",0,0
1600000US4827300,4827300,"Frankston town, Texas",0,0
1600000US4827432,4827432,"Freer city, Texas",0,0
1600000US4827540,4827540,"Fresno CDP, Texas",0,0
1600000US4827660,4827660,"Friona city, Texas",0,0
1600000US4827696,4827696,"Fritch city, Texas",0,0
1600000US4827744,4827744,"Fronton CDP, Texas",0,0
1600000US4827748,4827748,"Fronton Ranchettes CDP, Texas",0,0
1600000US4827768,4827768,"Frost city, Texas",0,0
1600000US4827804,4827804,"Fruitvale city, Texas",0,0
1600000US4827888,4827888,"Fulton town, Texas",0,0
1600000US4827972,4827972,"Gail CDP, Texas",0,0
1600000US4828008,4828008,"Gallatin city, Texas",0,0
1600000US4828080,4828080,"Ganado city, Texas",0,0
1600000US4828128,4828128,"Garceno CDP, Texas",0,0
1600000US4828152,4828152,"Garciasville CDP, Texas",0,0
1600000US4828176,4828176,"Garden City CDP, Texas",0,0
1600000US4828248,4828248,"Garden Ridge city, Texas",0,0
1600000US4828200,4828200,"Gardendale CDP, Texas",0,0
1600000US4828320,4828320,"Garfield CDP, Texas",0,0
1600000US4829036,4829036,"Garrett town, Texas",0,0
1600000US4829060,4829060,"Garrison city, Texas",0,0
1600000US4829108,4829108,"Gary City town, Texas",0,0
1600000US4829114,4829114,"Garza-Salinas II CDP, Texas",0,0
1600000US4829384,4829384,"Geronimo CDP, Texas",0,0
1600000US4829408,4829408,"Gholson city, Texas",0,0
1600000US4829612,4829612,"Girard CDP, Texas",0,0
1600000US4829876,4829876,"Glen Rose city, Texas",0,0
1600000US4829912,4829912,"Glidden CDP, Texas",0,0
1600000US4829972,4829972,"Godley city, Texas",0,0
1600000US4830044,4830044,"Goldsmith city, Texas",0,0
1600000US4830056,4830056,"Goldthwaite city, Texas",0,0
1600000US4830080,4830080,"Goliad city, Texas",0,0
1600000US4830092,4830092,"Golinda city, Texas",0,0
1600000US4830188,4830188,"Goodlow city, Texas",0,0
1600000US4830224,4830224,"Goodrich city, Texas",0,0
1600000US4830272,4830272,"Gordon city, Texas",0,0
1600000US4830296,4830296,"Goree city, Texas",0,0
1600000US4830380,4830380,"Graford city, Texas",0,0
1600000US4830476,4830476,"Grand Saline city, Texas",0,0
1600000US4830440,4830440,"Grandfalls town, Texas",0,0
1600000US4830512,4830512,"Grandview city, Texas",0,0
1600000US4830548,4830548,"Granger city, Texas",0,0
1600000US4830608,4830608,"Granjeno city, Texas",0,0
1600000US4830629,4830629,"Grape Creek CDP, Texas",0,0
1600000US4830632,4830632,"Grapeland city, Texas",0,0
1600000US4830752,4830752,"Grays Prairie village, Texas",0,0
1600000US4830806,4830806,"Greatwood CDP, Texas",0,0
1600000US4830890,4830890,"Green Valley Farms CDP, Texas",0,0
1600000US4831064,4831064,"Gregory city, Texas",0,0
1600000US4831100,4831100,"Grey Forest city, Texas",0,0
1600000US4831280,4831280,"Groesbeck city, Texas",0,0
1600000US4831292,4831292,"Groom town, Texas",0,0
1600000US4831340,4831340,"Groveton city, Texas",0,0
1600000US4831412,4831412,"Gruver city, Texas",0,0
1600000US4831442,4831442,"Guadalupe Guerra CDP, Texas",0,0
1600000US4831484,4831484,"Guerra CDP, Texas",0,0
1600000US4831616,4831616,"Gunter city, Texas",0,0
1600000US4831628,4831628,"Gustine town, Texas",0,0
1600000US4831640,4831640,"Guthrie CDP, Texas",0,0
1600000US4831646,4831646,"Gutierrez CDP, Texas",0,0
1600000US4832910,4832910,"H. Cuellar Estates CDP, Texas",0,0
1600000US4831715,4831715,"Hackberry town, Texas",0,0
1600000US4831820,4831820,"Hale Center city, Texas",0,0
1600000US4831868,4831868,"Hallettsville city, Texas",0,0
1600000US4831880,4831880,"Hallsburg city, Texas",0,0
1600000US4831904,4831904,"Hallsville city, Texas",0,0
1600000US4831952,4831952,"Hamilton city, Texas",0,0
1600000US4831964,4831964,"Hamlin city, Texas",0,0
1600000US4832156,4832156,"Happy town, Texas",0,0
1600000US4832240,4832240,"Hardin city, Texas",0,0
1600000US4832300,4832300,"Hargill CDP, Texas",0,0
1600000US4832456,4832456,"Harper CDP, Texas",0,0
1600000US4832576,4832576,"Hart city, Texas",0,0
1600000US4832612,4832612,"Hartley CDP, Texas",0,0
1600000US4832696,4832696,"Haskell city, Texas",0,0
1600000US4832720,4832720,"Haslet city, Texas",0,0
1600000US4832792,4832792,"Havana CDP, Texas",0,0
1600000US4832810,4832810,"Hawk Cove city, Texas",0,0
1600000US4832816,4832816,"Hawkins city, Texas",0,0
1600000US4832840,4832840,"Hawley city, Texas",0,0
1600000US4832906,4832906,"Hays city, Texas",0,0
1600000US4833008,4833008,"Hebbronville CDP, Texas",0,0
1600000US4833020,4833020,"Hebron town, Texas",0,0
1600000US4833044,4833044,"Hedley city, Texas",0,0
1600000US4833068,4833068,"Hedwig Village city, Texas",0,0
1600000US4833092,4833092,"Heidelberg CDP, Texas",0,0
1600000US4833146,4833146,"Helotes city, Texas",0,0
1600000US4833188,4833188,"Hemphill city, Texas",0,0
1600000US4833200,4833200,"Hempstead city, Texas",0,0
1600000US4833284,4833284,"Henrietta city, Texas",0,0
1600000US4833356,4833356,"Hermleigh CDP, Texas",0,0
1600000US4833476,4833476,"Hickory Creek town, Texas",0,0
1600000US4833548,4833548,"Hico city, Texas",0,0
1600000US4833578,4833578,"Hideaway city, Texas",0,0
1600000US4833608,4833608,"Higgins city, Texas",0,0
1600000US4833794,4833794,"Highland Haven city, Texas",0,0
1600000US4833836,4833836,"Highlands CDP, Texas",0,0
1600000US4833968,4833968,"Hill Country Village city, Texas",0,0
1600000US4833980,4833980,"Hillcrest village, Texas",0,0
1600000US4834105,4834105,"Hillside Acres CDP, Texas",0,0
1600000US4834130,4834130,"Hilltop CDP (Frio County), Texas",0,0
1600000US4834133,4834133,"Hilltop CDP (Starr County), Texas",0,0
1600000US4834136,4834136,"Hilltop Lakes CDP, Texas",0,0
1600000US4834148,4834148,"Hilshire Village city, Texas",0,0
1600000US4834478,4834478,"Holiday Beach CDP, Texas",0,0
1600000US4834502,4834502,"Holiday Lakes town, Texas",0,0
1600000US4834508,4834508,"Holland town, Texas",0,0
1600000US4834532,4834532,"Holliday city, Texas",0,0
1600000US4834586,4834586,"Holly Lake Ranch CDP, Texas",0,0
1600000US4834628,4834628,"Hollywood Park town, Texas",0,0
1600000US4834671,4834671,"Homestead Meadows North CDP, Texas",0,0
1600000US4834673,4834673,"Homestead Meadows South CDP, Texas",0,0
1600000US4834700,4834700,"Honey Grove city, Texas",0,0
1600000US4834736,4834736,"Hooks city, Texas",0,0
1600000US4834856,4834856,"Hornsby Bend CDP, Texas",0,0
1600000US4834865,4834865,"Horseshoe Bend CDP, Texas",0,0
1600000US4835072,4835072,"Howardwick city, Texas",0,0
1600000US4835084,4835084,"Howe town, Texas",0,0
1600000US4835180,4835180,"Hubbard city, Texas",0,0
1600000US4835253,4835253,"Hudson Bend CDP, Texas",0,0
1600000US4835228,4835228,"Hudson city, Texas",0,0
1600000US4835254,4835254,"Hudson Oaks city, Texas",0,0
1600000US4835300,4835300,"Hughes Springs city, Texas",0,0
1600000US4835324,4835324,"Hull CDP, Texas",0,0
1600000US4835420,4835420,"Hungerford CDP, Texas",0,0
1600000US4835480,4835480,"Hunters Creek Village city, Texas",0,0
1600000US4835492,4835492,"Huntington city, Texas",0,0
1600000US4835612,4835612,"Hutchins city, Texas",0,0
1600000US4835636,4835636,"Huxley city, Texas",0,0
1600000US4835684,4835684,"Iago CDP, Texas",0,0
1600000US4835732,4835732,"Idalou city, Texas",0,0
1600000US4835754,4835754,"Iglesia Antigua CDP, Texas",0,0
1600000US4835816,4835816,"Impact town, Texas",0,0
1600000US4835828,4835828,"Imperial CDP, Texas",0,0
1600000US4835915,4835915,"Indian Hills CDP, Texas",0,0
1600000US4835918,4835918,"Indian Lake town, Texas",0,0
1600000US4835954,4835954,"Indian Springs CDP, Texas",0,0
1600000US4835966,4835966,"Indio CDP, Texas",0,0
1600000US4835984,4835984,"Industry city, Texas",0,0
1600000US4835996,4835996,"Inez CDP, Texas",0,0
1600000US4836020,4836020,"Ingleside on the Bay city, Texas",0,0
1600000US4836032,4836032,"Ingram city, Texas",0,0
1600000US4836068,4836068,"Iola city, Texas",0,0
1600000US4836092,4836092,"Iowa Colony village, Texas",0,0
1600000US4836128,4836128,"Iraan city, Texas",0,0
1600000US4836140,4836140,"Iredell city, Texas",0,0
1600000US4837072,4837072,"Italy town, Texas",0,0
1600000US4837084,4837084,"Itasca city, Texas",0,0
1600000US4837112,4837112,"Ivanhoe city, Texas",0,0
1600000US4837665,4837665,"J.F. Villareal CDP, Texas",0,0
1600000US4837168,4837168,"Jacksboro city, Texas",0,0
1600000US4837252,4837252,"Jamaica Beach city, Texas",0,0
1600000US4837390,4837390,"Jardin de San Julian CDP, Texas",0,0
1600000US4837396,4837396,"Jarrell city, Texas",0,0
1600000US4837468,4837468,"Jayton city, Texas",0,0
1600000US4837528,4837528,"Jefferson city, Texas",0,0
1600000US4837648,4837648,"Jewett city, Texas",0,0
1600000US4837684,4837684,"Joaquin city, Texas",0,0
1600000US4837780,4837780,"Johnson City city, Texas",0,0
1600000US4837924,4837924,"Jolly city, Texas",0,0
1600000US4837984,4837984,"Jones Creek village, Texas",0,0
1600000US4838020,4838020,"Jonestown city, Texas",0,0
1600000US4838068,4838068,"Josephine city, Texas",0,0
1600000US4838116,4838116,"Jourdanton city, Texas",0,0
1600000US4838168,4838168,"Juarez CDP, Texas",0,0
1600000US4838248,4838248,"Junction city, Texas",0,0
1600000US4838332,4838332,"Justin city, Texas",0,0
1600000US4838452,4838452,"Karnes City city, Texas",0,0
1600000US4838518,4838518,"K-Bar Ranch CDP, Texas",0,0
1600000US4838776,4838776,"Kemah city, Texas",0,0
1600000US4838788,4838788,"Kemp city, Texas",0,0
1600000US4838800,4838800,"Kempner city, Texas",0,0
1600000US4838848,4838848,"Kendleton city, Texas",0,0
1600000US4838860,4838860,"Kenedy city, Texas",0,0
1600000US4838872,4838872,"Kenefick town, Texas",0,0
1600000US4838884,4838884,"Kennard city, Texas",0,0
1600000US4838992,4838992,"Kerens city, Texas",0,0
1600000US4839292,4839292,"Kingsbury CDP, Texas",0,0
1600000US4839304,4839304,"Kingsland CDP, Texas",0,0
1600000US4839460,4839460,"Kirbyville city, Texas",0,0
1600000US4839520,4839520,"Kirvin town, Texas",0,0
1600000US4839664,4839664,"Knippa CDP, Texas",0,0
1600000US4839680,4839680,"Knollwood city, Texas",0,0
1600000US4839700,4839700,"Knox City town, Texas",0,0
1600000US4839844,4839844,"Kosse town, Texas",0,0
1600000US4839868,4839868,"Kountze city, Texas",0,0
1600000US4839904,4839904,"Kress city, Texas",0,0
1600000US4839916,4839916,"Krugerville city, Texas",0,0
1600000US4839928,4839928,"Krum city, Texas",0,0
1600000US4839940,4839940,"Kurten town, Texas",0,0
1600000US4839988,4839988,"La Blanca CDP, Texas",0,0
1600000US4839994,4839994,"La Carla CDP, Texas",0,0
1600000US4840000,4840000,"La Casita CDP, Texas",0,0
1600000US4840018,4840018,"La Chuparosa CDP, Texas",0,0
1600000US4840100,4840100,"La Coma CDP, Texas",0,0
1600000US4840186,4840186,"La Escondida CDP, Texas",0,0
1600000US4840188,4840188,"La Esperanza CDP, Texas",0,0
1600000US4840210,4840210,"La Feria North CDP, Texas",0,0
1600000US4840288,4840288,"La Grulla city, Texas",0,0
1600000US4840342,4840342,"La Homa CDP, Texas",0,0
1600000US4841086,4841086,"La Loma de Falcon CDP, Texas",0,0
1600000US4841170,4841170,"La Minita CDP, Texas",0,0
1600000US4841420,4841420,"La Paloma Addition CDP, Texas",0,0
1600000US4841416,4841416,"La Paloma CDP, Texas",0,0
1600000US4841424,4841424,"La Paloma Ranchettes CDP, Texas",0,0
1600000US4841422,4841422,"La Paloma-Lost Creek CDP, Texas",0,0
1600000US4841440,4841440,"La Porte city, Texas",0,0
1600000US4841449,4841449,"La Presa CDP, Texas",0,0
1600000US4841452,4841452,"La Pryor CDP, Texas",0,0
1600000US4841458,4841458,"La Puerta CDP, Texas",0,0
1600000US4841503,4841503,"La Rosita CDP, Texas",0,0
1600000US4841660,4841660,"La Tina Ranch CDP, Texas",0,0
1600000US4841764,4841764,"La Vernia city, Texas",0,0
1600000US4841782,4841782,"La Victoria CDP, Texas",0,0
1600000US4841788,4841788,"La Villa city, Texas",0,0
1600000US4841848,4841848,"La Ward city, Texas",0,0
1600000US4840036,4840036,"Lackland AFB CDP, Texas",0,0
1600000US4840108,4840108,"LaCoste city, Texas",0,0
1600000US4840180,4840180,"Ladonia town, Texas",0,0
1600000US4840258,4840258,"Lago CDP, Texas",0,0
1600000US4840264,4840264,"Lago Vista city, Texas",0,0
1600000US4840300,4840300,"Laguna Heights CDP, Texas",0,0
1600000US4840312,4840312,"Laguna Park CDP, Texas",0,0
1600000US4840320,4840320,"Laguna Seca CDP, Texas",0,0
1600000US4840336,4840336,"Laguna Vista town, Texas",0,0
1600000US4840450,4840450,"Lake Bridgeport city, Texas",0,0
1600000US4840456,4840456,"Lake Brownwood CDP, Texas",0,0
1600000US4840462,4840462,"Lake Bryan CDP, Texas",0,0
1600000US4840468,4840468,"Lake Cherokee CDP, Texas",0,0
1600000US4840472,4840472,"Lake City town, Texas",0,0
1600000US4840475,4840475,"Lake Colorado City CDP, Texas",0,0
1600000US4840522,4840522,"Lake Dunlap CDP, Texas",0,0
1600000US4840624,4840624,"Lake Kiowa CDP, Texas",0,0
1600000US4840674,4840674,"Lake Medina Shores CDP, Texas",0,0
1600000US4840676,4840676,"Lake Meredith Estates CDP, Texas",0,0
1600000US4840804,4840804,"Lake Tanglewood village, Texas",0,0
1600000US4840966,4840966,"Lake View CDP, Texas",0,0
1600000US4840576,4840576,"Lakehills CDP, Texas",0,0
1600000US4840696,4840696,"Lakeport city, Texas",0,0
1600000US4840714,4840714,"Lakeshore Gardens-Hidden Acres CDP, Texas",0,0
1600000US4840756,4840756,"Lakeside City town, Texas",0,0
1600000US4840738,4840738,"Lakeside town (San Patricio County), Texas",0,0
1600000US4840744,4840744,"Lakeside town (Tarrant County), Texas",0,0
1600000US4840888,4840888,"Lakeview town, Texas",0,0
1600000US4841050,4841050,"Lakewood Village city, Texas",0,0
1600000US4841092,4841092,"Lamar CDP, Texas",0,0
1600000US4841404,4841404,"Lantana CDP, Texas",0,0
1600000US4841473,4841473,"Laredo Ranchettes CDP, Texas",0,0
1600000US4841475,4841475,"Laredo Ranchettes West CDP, Texas",0,0
1600000US4841565,4841565,"Las Haciendas CDP, Texas",0,0
1600000US4841566,4841566,"Las Lomas CDP, Texas",0,0
1600000US4841569,4841569,"Las Lomitas CDP, Texas",0,0
1600000US4841579,4841579,"Las Palmas CDP, Texas",0,0
1600000US4841580,4841580,"Las Palmas II CDP, Texas",0,0
1600000US4841582,4841582,"Las Pilas CDP, Texas",0,0
1600000US4841583,4841583,"Las Quintas Fronterizas CDP, Texas",0,0
1600000US4841542,4841542,"Lasana CDP, Texas",0,0
1600000US4841548,4841548,"Lasara CDP, Texas",0,0
1600000US4841644,4841644,"Latexo city, Texas",0,0
1600000US4841704,4841704,"Laughlin AFB CDP, Texas",0,0
1600000US4841728,4841728,"Laureles CDP, Texas",0,0
1600000US4841800,4841800,"Lavon city, Texas",0,0
1600000US4841872,4841872,"Lawn town, Texas",0,0
1600000US4842004,4842004,"Leakey city, Texas",0,0
1600000US4842028,4842028,"Leary city, Texas",0,0
1600000US4842148,4842148,"Lefors town, Texas",0,0
1600000US4842256,4842256,"Leming CDP, Texas",0,0
1600000US4842340,4842340,"Leona city, Texas",0,0
1600000US4842352,4842352,"Leonard city, Texas",0,0
1600000US4842400,4842400,"Leroy city, Texas",0,0
1600000US4842532,4842532,"Lexington town, Texas",0,0
1600000US4842616,4842616,"Liberty City CDP, Texas",0,0
1600000US4842664,4842664,"Liberty Hill city, Texas",0,0
1600000US4842808,4842808,"Lincoln Park town, Texas",0,0
1600000US4842844,4842844,"Linden city, Texas",0,0
1600000US4842874,4842874,"Lindsay CDP, Texas",0,0
1600000US4842868,4842868,"Lindsay city, Texas",0,0
1600000US4842916,4842916,"Linn CDP, Texas",0,0
1600000US4842940,4842940,"Lipan city, Texas",0,0
1600000US4842952,4842952,"Lipscomb CDP, Texas",0,0
1600000US4843066,4843066,"Little River-Academy city, Texas",0,0
1600000US4843120,4843120,"Liverpool city, Texas",0,0
1600000US4843132,4843132,"Livingston town, Texas",0,0
1600000US4843144,4843144,"Llano city, Texas",0,0
1600000US4843150,4843150,"Llano Grande CDP, Texas",0,0
1600000US4843252,4843252,"Lockney town, Texas",0,0
1600000US4843354,4843354,"Log Cabin city, Texas",0,0
1600000US4843432,4843432,"Lolita CDP, Texas",0,0
1600000US4843458,4843458,"Loma Grande CDP, Texas",0,0
1600000US4843460,4843460,"Loma Linda CDP, Texas",0,0
1600000US4843462,4843462,"Loma Linda East CDP (Jim Wells County), Texas",0,0
1600000US4843463,4843463,"Loma Linda East CDP (Starr County), Texas",0,0
1600000US4843465,4843465,"Loma Linda West CDP, Texas",0,0
1600000US4843474,4843474,"Loma Vista CDP, Texas",0,0
1600000US4843516,4843516,"Lometa city, Texas",0,0
1600000US4843636,4843636,"Lone Oak city, Texas",0,0
1600000US4843684,4843684,"Lone Star city, Texas",0,0
1600000US4843822,4843822,"Longoria CDP, Texas",0,0
1600000US4843948,4843948,"Loop CDP, Texas",0,0
1600000US4843960,4843960,"Lopeño CDP, Texas",0,0
1600000US4843972,4843972,"Lopezville CDP, Texas",0,0
1600000US4843996,4843996,"Loraine town, Texas",0,0
1600000US4844020,4844020,"Lorena city, Texas",0,0
1600000US4844032,4844032,"Lorenzo city, Texas",0,0
1600000US4844038,4844038,"Los Altos CDP, Texas",0,0
1600000US4844044,4844044,"Los Alvarez CDP, Texas",0,0
1600000US4844062,4844062,"Los Angeles CDP, Texas",0,0
1600000US4844072,4844072,"Los Arcos CDP, Texas",0,0
1600000US4844075,4844075,"Los Arrieros CDP, Texas",0,0
1600000US4844076,4844076,"Los Barreras CDP, Texas",0,0
1600000US4844078,4844078,"Los Centenarios CDP, Texas",0,0
1600000US4844079,4844079,"Los Corralitos CDP, Texas",0,0
1600000US4844104,4844104,"Los Ebanos CDP (Hidalgo County), Texas",0,0
1600000US4844110,4844110,"Los Ebanos CDP (Starr County), Texas",0,0
1600000US4844120,4844120,"Los Fresnos CDP, Texas",0,0
1600000US4844123,4844123,"Los Huisaches CDP, Texas",0,0
1600000US4844128,4844128,"Los Indios town, Texas",0,0
1600000US4844142,4844142,"Los Lobos CDP, Texas",0,0
1600000US4844145,4844145,"Los Minerales CDP, Texas",0,0
1600000US4844146,4844146,"Los Nopalitos CDP, Texas",0,0
1600000US4844167,4844167,"Los Veteranos I CDP, Texas",0,0
1600000US4844168,4844168,"Los Veteranos II CDP, Texas",0,0
1600000US4844170,4844170,"Los Ybanez city, Texas",0,0
1600000US4844162,4844162,"Lost Creek CDP, Texas",0,0
1600000US4844176,4844176,"Lott city, Texas",0,0
1600000US4844212,4844212,"Louise CDP, Texas",0,0
1600000US4844260,4844260,"Lovelady city, Texas",0,0
1600000US4844308,4844308,"Lowry Crossing city, Texas",0,0
1600000US4844344,4844344,"Lozano CDP, Texas",0,0
1600000US4845048,4845048,"Lueders city, Texas",0,0
1600000US4845228,4845228,"Lyford city, Texas",0,0
1600000US4845288,4845288,"Lytle city, Texas",0,0
1600000US4845324,4845324,"Mabank town, Texas",0,0
1600000US4845576,4845576,"Macdona CDP, Texas",0,0
1600000US4845996,4845996,"Madisonville city, Texas",0,0
1600000US4846056,4846056,"Magnolia city, Texas",0,0
1600000US4846224,4846224,"Malakoff city, Texas",0,0
1600000US4846260,4846260,"Malone town, Texas",0,0
1600000US4846308,4846308,"Manchaca CDP, Texas",0,0
1600000US4846492,4846492,"Manuel Garcia CDP, Texas",0,0
1600000US4846494,4846494,"Manuel Garcia II CDP, Texas",0,0
1600000US4846572,4846572,"Marathon CDP, Texas",0,0
1600000US4846620,4846620,"Marfa city, Texas",0,0
1600000US4846668,4846668,"Marietta town, Texas",0,0
1600000US4846692,4846692,"Marion city, Texas",0,0
1600000US4846716,4846716,"Markham CDP, Texas",0,0
1600000US4846752,4846752,"Marquez city, Texas",0,0
1600000US4846824,4846824,"Mart city, Texas",0,0
1600000US4846848,4846848,"Martindale city, Texas",0,0
1600000US4846854,4846854,"Martinez CDP, Texas",0,0
1600000US4846968,4846968,"Mason city, Texas",0,0
1600000US4847004,4847004,"Matador town, Texas",0,0
1600000US4847016,4847016,"Matagorda CDP, Texas",0,0
1600000US4847088,4847088,"Maud city, Texas",0,0
1600000US4847100,4847100,"Mauriceville CDP, Texas",0,0
1600000US4847268,4847268,"Maypearl city, Texas",0,0
1600000US4845432,4845432,"McCamey city, Texas",0,0
1600000US4845564,4845564,"McDade CDP, Texas",0,0
1600000US4845750,4845750,"McKinney Acres CDP, Texas",0,0
1600000US4845780,4845780,"McLean town, Texas",0,0
1600000US4845804,4845804,"McLendon-Chisholm city, Texas",0,0
1600000US4845948,4845948,"McQueeney CDP, Texas",0,0
1600000US4847316,4847316,"Meadow town, Texas",0,0
1600000US4847330,4847330,"Meadowlakes city, Texas",0,0
1600000US4847337,4847337,"Meadows Place city, Texas",0,0
1600000US4847406,4847406,"Medina CDP, Texas",0,0
1600000US4847460,4847460,"Megargel town, Texas",0,0
1600000US4847568,4847568,"Melvin town, Texas",0,0
1600000US4847616,4847616,"Memphis city, Texas",0,0
1600000US4847628,4847628,"Menard city, Texas",0,0
1600000US4847676,4847676,"Mentone CDP, Texas",0,0
1600000US4847760,4847760,"Meridian city, Texas",0,0
1600000US4847796,4847796,"Merkel town, Texas",0,0
1600000US4847820,4847820,"Mertens town, Texas",0,0
1600000US4847832,4847832,"Mertzon city, Texas",0,0
1600000US4847892,4847892,"Mesquite city, Texas",0,0
1600000US4848750,4848750,"Mi Ranchito Estate CDP, Texas",0,0
1600000US4847988,4847988,"Miami city, Texas",0,0
1600000US4848072,4848072,"Midland city, Texas",0,0
1600000US4848180,4848180,"Midway city, Texas",0,0
1600000US4848272,4848272,"Midway North CDP, Texas",0,0
1600000US4848280,4848280,"Midway South CDP, Texas",0,0
1600000US4848315,4848315,"Miguel Barrera CDP, Texas",0,0
1600000US4848318,4848318,"Mikes CDP, Texas",0,0
1600000US4848320,4848320,"Mila Doce CDP, Texas",0,0
1600000US4848324,4848324,"Milam CDP, Texas",0,0
1600000US4848336,4848336,"Milano city, Texas",0,0
1600000US4848372,4848372,"Mildred town, Texas",0,0
1600000US4848396,4848396,"Miles city, Texas",0,0
1600000US4848408,4848408,"Milford town, Texas",0,0
1600000US4848478,4848478,"Miller's Cove town, Texas",0,0
1600000US4848516,4848516,"Millican town, Texas",0,0
1600000US4848564,4848564,"Millsap town, Texas",0,0
1600000US4848648,4848648,"Mineola city, Texas",0,0
1600000US4848720,4848720,"Mingus city, Texas",0,0
1600000US4848756,4848756,"Mirando City CDP, Texas",0,0
1600000US4848772,4848772,"Mission Bend CDP, Texas",0,0
1600000US4848852,4848852,"Mobeetie city, Texas",0,0
1600000US4848858,4848858,"Mobile City city, Texas",0,0
1600000US4849032,4849032,"Montague CDP, Texas",0,0
1600000US4849080,4849080,"Monte Alto CDP, Texas",0,0
1600000US4849128,4849128,"Montgomery city, Texas",0,0
1600000US4849200,4849200,"Moody city, Texas",0,0
1600000US4849224,4849224,"Moore CDP, Texas",0,0
1600000US4849272,4849272,"Moore Station city, Texas",0,0
1600000US4849300,4849300,"Moraida CDP, Texas",0,0
1600000US4849314,4849314,"Morales-Sanchez CDP, Texas",0,0
1600000US4849320,4849320,"Moran city, Texas",0,0
1600000US4849356,4849356,"Morgan city, Texas",0,0
1600000US4849359,4849359,"Morgan Farm CDP, Texas",0,0
1600000US4849380,4849380,"Morgan's Point city, Texas",0,0
1600000US4849392,4849392,"Morgan's Point Resort city, Texas",0,0
1600000US4849411,4849411,"Morning Glory CDP, Texas",0,0
1600000US4849440,4849440,"Morse CDP, Texas",0,0
1600000US4849464,4849464,"Morton city, Texas",0,0
1600000US4849560,4849560,"Moulton town, Texas",0,0
1600000US4849692,4849692,"Mount Calm city, Texas",0,0
1600000US4849728,4849728,"Mount Enterprise city, Texas",0,0
1600000US4849860,4849860,"Mount Vernon town, Texas",0,0
1600000US4849600,4849600,"Mountain City city, Texas",0,0
1600000US4849932,4849932,"Muenster city, Texas",0,0
1600000US4849992,4849992,"Mullin town, Texas",0,0
1600000US4850040,4850040,"Munday city, Texas",0,0
1600000US4850058,4850058,"Muniz CDP, Texas",0,0
1600000US4850076,4850076,"Murchison city, Texas",0,0
1600000US4850092,4850092,"Murillo CDP, Texas",0,0
1600000US4850200,4850200,"Mustang Ridge city, Texas",0,0
1600000US4850184,4850184,"Mustang town, Texas",0,0
1600000US4850232,4850232,"Myrtle Springs CDP, Texas",0,0
1600000US4850316,4850316,"Naples city, Texas",0,0
1600000US4850322,4850322,"Narciso Pena CDP, Texas",0,0
1600000US4850352,4850352,"Nash city, Texas",0,0
1600000US4850400,4850400,"Natalia city, Texas",0,0
1600000US4850448,4850448,"Navarro town, Texas",0,0
1600000US4850496,4850496,"Nazareth city, Texas",0,0
1600000US4850628,4850628,"Needville city, Texas",0,0
1600000US4850724,4850724,"Nesbitt town, Texas",0,0
1600000US4850742,4850742,"Netos CDP, Texas",0,0
1600000US4850760,4850760,"Nevada city, Texas",0,0
1600000US4850796,4850796,"New Berlin city, Texas",0,0
1600000US4850808,4850808,"New Boston city, Texas",0,0
1600000US4850876,4850876,"New Chapel Hill city, Texas",0,0
1600000US4850916,4850916,"New Deal town, Texas",0,0
1600000US4850920,4850920,"New Fairview city, Texas",0,0
1600000US4850924,4850924,"New Falcon CDP, Texas",0,0
1600000US4851012,4851012,"New Home city, Texas",0,0
1600000US4851036,4851036,"New Hope town, Texas",0,0
1600000US4851168,4851168,"New London city, Texas",0,0
1600000US4851336,4851336,"New Summerfield city, Texas",0,0
1600000US4851366,4851366,"New Territory CDP, Texas",0,0
1600000US4851396,4851396,"New Waverly city, Texas",0,0
1600000US4850772,4850772,"Newark city, Texas",0,0
1600000US4850868,4850868,"Newcastle city, Texas",0,0
1600000US4851372,4851372,"Newton city, Texas",0,0
1600000US4851444,4851444,"Neylandville town, Texas",0,0
1600000US4851492,4851492,"Niederwald city, Texas",0,0
1600000US4851552,4851552,"Nina CDP, Texas",0,0
1600000US4851588,4851588,"Nixon city, Texas",0,0
1600000US4851648,4851648,"Nocona city, Texas",0,0
1600000US4851654,4851654,"Nocona Hills CDP, Texas",0,0
1600000US4851720,4851720,"Nome city, Texas",0,0
1600000US4851756,4851756,"Noonday city, Texas",0,0
1600000US4851792,4851792,"Nordheim city, Texas",0,0
1600000US4851840,4851840,"Normangee town, Texas",0,0
1600000US4851852,4851852,"Normanna CDP, Texas",0,0
1600000US4851900,4851900,"North Alamo CDP, Texas",0,0
1600000US4851984,4851984,"North Cleveland city, Texas",0,0
1600000US4852068,4852068,"North Escobares CDP, Texas",0,0
1600000US4852302,4852302,"North Pearsall CDP, Texas",0,0
1600000US4852404,4852404,"North San Pedro CDP, Texas",0,0
1600000US4852212,4852212,"Northlake town, Texas",0,0
1600000US4852668,4852668,"Novice city, Texas",0,0
1600000US4852902,4852902,"Oak Grove town, Texas",0,0
1600000US4853004,4853004,"Oak Island CDP, Texas",0,0
1600000US4853115,4853115,"Oak Leaf city, Texas",0,0
1600000US4853130,4853130,"Oak Point city, Texas",0,0
1600000US4853190,4853190,"Oak Ridge North city, Texas",0,0
1600000US4853154,4853154,"Oak Ridge town (Cooke County), Texas",0,0
1600000US4853160,4853160,"Oak Ridge town (Kaufman County), Texas",0,0
1600000US4853212,4853212,"Oak Trail Shores CDP, Texas",0,0
1600000US4853217,4853217,"Oak Valley town, Texas",0,0
1600000US4852992,4852992,"Oakhurst CDP, Texas",0,0
1600000US4853232,4853232,"Oakwood town, Texas",0,0
1600000US4853304,4853304,"O'Brien city, Texas",0,0
1600000US4853376,4853376,"Odem city, Texas",0,0
1600000US4853436,4853436,"O'Donnell city, Texas",0,0
1600000US4853520,4853520,"Oglesby city, Texas",0,0
1600000US4853556,4853556,"Oilton CDP, Texas",0,0
1600000US4853824,4853824,"Old River-Winfree city, Texas",0,0
1600000US4853934,4853934,"Olivarez CDP, Texas",0,0
1600000US4853946,4853946,"Olivia Lopez de Gutierrez CDP, Texas",0,0
1600000US4853970,4853970,"Olmito and Olmito CDP, Texas",0,0
1600000US4853964,4853964,"Olmito CDP, Texas",0,0
1600000US4853988,4853988,"Olmos Park city, Texas",0,0
1600000US4854012,4854012,"Olton city, Texas",0,0
1600000US4854024,4854024,"Omaha city, Texas",0,0
1600000US4854048,4854048,"Onalaska city, Texas",0,0
1600000US4854075,4854075,"Opdyke West town, Texas",0,0
1600000US4854168,4854168,"Orange Grove city, Texas",0,0
1600000US4854186,4854186,"Orason CDP, Texas",0,0
1600000US4854192,4854192,"Orchard city, Texas",0,0
1600000US4854216,4854216,"Ore City city, Texas",0,0
1600000US4854432,4854432,"Overton city, Texas",0,0
1600000US4854444,4854444,"Ovilla city, Texas",0,0
1600000US4854509,4854509,"Owl Ranch CDP, Texas",0,0
1600000US4854528,4854528,"Oyster Creek city, Texas",0,0
1600000US4854552,4854552,"Ozona CDP, Texas",0,0
1600000US4854558,4854558,"Pablo Pena CDP, Texas",0,0
1600000US4854600,4854600,"Paducah town, Texas",0,0
1600000US4854636,4854636,"Paint Rock town, Texas",0,0
1600000US4854666,4854666,"Paisano Park CDP, Texas",0,0
1600000US4854726,4854726,"Palisades village, Texas",0,0
1600000US4854798,4854798,"Palm Valley city, Texas",0,0
1600000US4854744,4854744,"Palmer town, Texas",0,0
1600000US4854780,4854780,"Palmhurst city, Texas",0,0
1600000US4854804,4854804,"Palmview city, Texas",0,0
1600000US4854810,4854810,"Palmview South CDP, Texas",0,0
1600000US4854846,4854846,"Palo Blanco CDP, Texas",0,0
1600000US4854876,4854876,"Palo Pinto CDP, Texas",0,0
1600000US4854868,4854868,"Paloma Creek CDP, Texas",0,0
1600000US4854872,4854872,"Paloma Creek South CDP, Texas",0,0
1600000US4854960,4854960,"Panhandle town, Texas",0,0
1600000US4855008,4855008,"Panorama Village city, Texas",0,0
1600000US4855020,4855020,"Pantego town, Texas",0,0
1600000US4855056,4855056,"Paradise city, Texas",0,0
1600000US4855152,4855152,"Parker city, Texas",0,0
1600000US4856108,4856108,"Pattison city, Texas",0,0
1600000US4856156,4856156,"Patton Village city, Texas",0,0
1600000US4856252,4856252,"Pawnee CDP, Texas",0,0
1600000US4856276,4856276,"Payne Springs town, Texas",0,0
1600000US4856462,4856462,"Pecan Acres CDP, Texas",0,0
1600000US4856468,4856468,"Pecan Gap city, Texas",0,0
1600000US4856482,4856482,"Pecan Grove CDP, Texas",0,0
1600000US4856485,4856485,"Pecan Hill city, Texas",0,0
1600000US4856498,4856498,"Pecan Plantation CDP, Texas",0,0
1600000US4856640,4856640,"Pelican Bay city, Texas",0,0
1600000US4856644,4856644,"Pena CDP, Texas",0,0
1600000US4856672,4856672,"Penelope town, Texas",0,0
1600000US4856804,4856804,"Perezville CDP, Texas",0,0
1600000US4856864,4856864,"Perrin CDP, Texas",0,0
1600000US4856912,4856912,"Perryton city, Texas",0,0
1600000US4856996,4856996,"Petersburg city, Texas",0,0
1600000US4857044,4857044,"Petrolia city, Texas",0,0
1600000US4857056,4857056,"Petronila city, Texas",0,0
1600000US4857116,4857116,"Pettus CDP, Texas",0,0
1600000US4857524,4857524,"Pine Forest city, Texas",0,0
1600000US4857566,4857566,"Pine Harbor CDP, Texas",0,0
1600000US4857615,4857615,"Pine Island town, Texas",0,0
1600000US4857596,4857596,"Pinehurst CDP, Texas",0,0
1600000US4857608,4857608,"Pinehurst city, Texas",0,0
1600000US4857644,4857644,"Pineland city, Texas",0,0
1600000US4857752,4857752,"Pinewood Estates CDP, Texas",0,0
1600000US4857800,4857800,"Piney Point Village city, Texas",0,0
1600000US4857932,4857932,"Placedo CDP, Texas",0,0
1600000US4857968,4857968,"Plains town, Texas",0,0
1600000US4858088,4858088,"Pleak village, Texas",0,0
1600000US4858232,4858232,"Pleasant Hill CDP, Texas",0,0
1600000US4858400,4858400,"Pleasant Valley town, Texas",0,0
1600000US4858448,4858448,"Plum Grove city, Texas",0,0
1600000US4858556,4858556,"Point Blank city, Texas",0,0
1600000US4858532,4858532,"Point city, Texas",0,0
1600000US4858568,4858568,"Point Comfort city, Texas",0,0
1600000US4858586,4858586,"Point Venture village, Texas",0,0
1600000US4858664,4858664,"Ponder town, Texas",0,0
1600000US4858928,4858928,"Port Mansfield CDP, Texas",0,0
1600000US4858952,4858952,"Port O'Connor CDP, Texas",0,0
1600000US4858850,4858850,"Porter Heights CDP, Texas",0,0
1600000US4859012,4859012,"Post city, Texas",0,0
1600000US4859066,4859066,"Post Oak Bend City town, Texas",0,0
1600000US4859084,4859084,"Poteet city, Texas",0,0
1600000US4859096,4859096,"Poth town, Texas",0,0
1600000US4859108,4859108,"Potosi CDP, Texas",0,0
1600000US4859132,4859132,"Pottsboro town, Texas",0,0
1600000US4859156,4859156,"Powderly CDP, Texas",0,0
1600000US4859168,4859168,"Powell town, Texas",0,0
1600000US4859192,4859192,"Poynor town, Texas",0,0
1600000US4859210,4859210,"Prado Verde CDP, Texas",0,0
1600000US4859384,4859384,"Premont city, Texas",0,0
1600000US4859396,4859396,"Presidio city, Texas",0,0
1600000US4859420,4859420,"Preston CDP, Texas",0,0
1600000US4859540,4859540,"Primera town, Texas",0,0
1600000US4859576,4859576,"Princeton city, Texas",0,0
1600000US4859636,4859636,"Progreso city, Texas",0,0
1600000US4859642,4859642,"Progreso Lakes city, Texas",0,0
1600000US4859748,4859748,"Providence Village town, Texas",0,0
1600000US4859794,4859794,"Pueblo East CDP, Texas",0,0
1600000US4859798,4859798,"Pueblo Nuevo CDP, Texas",0,0
1600000US4859984,4859984,"Putnam town, Texas",0,0
1600000US4859996,4859996,"Pyote town, Texas",0,0
1600000US4860020,4860020,"Quail CDP, Texas",0,0
1600000US4860026,4860026,"Quail Creek CDP, Texas",0,0
1600000US4860080,4860080,"Queen City city, Texas",0,0
1600000US4860092,4860092,"Quemado CDP, Texas",0,0
1600000US4860098,4860098,"Quesada CDP, Texas",0,0
1600000US4860140,4860140,"Quinlan city, Texas",0,0
1600000US4860164,4860164,"Quintana town, Texas",0,0
1600000US4860176,4860176,"Quitaque city, Texas",0,0
1600000US4860188,4860188,"Quitman city, Texas",0,0
1600000US4860278,4860278,"Radar Base CDP, Texas",0,0
1600000US4860290,4860290,"Rafael Pena CDP, Texas",0,0
1600000US4860356,4860356,"Ralls city, Texas",0,0
1600000US4860380,4860380,"Ramireno CDP, Texas",0,0
1600000US4860408,4860408,"Ramirez-Perez CDP, Texas",0,0
1600000US4860422,4860422,"Ramos CDP, Texas",0,0
1600000US4860458,4860458,"Ranchette Estates CDP, Texas",0,0
1600000US4860478,4860478,"Ranchitos del Norte CDP, Texas",0,0
1600000US4860480,4860480,"Ranchitos East CDP, Texas",0,0
1600000US4860482,4860482,"Ranchitos Las Lomas CDP, Texas",0,0
1600000US4860518,4860518,"Rancho Alegre CDP, Texas",0,0
1600000US4860529,4860529,"Rancho Banquete CDP, Texas",0,0
1600000US4860534,4860534,"Rancho Chico CDP, Texas",0,0
1600000US4860554,4860554,"Rancho Viejo CDP, Texas",0,0
1600000US4860544,4860544,"Rancho Viejo town, Texas",0,0
1600000US4860539,4860539,"Ranchos Penitas West CDP, Texas",0,0
1600000US4860608,4860608,"Randolph AFB CDP, Texas",0,0
1600000US4860644,4860644,"Rangerville village, Texas",0,0
1600000US4860668,4860668,"Rankin city, Texas",0,0
1600000US4860672,4860672,"Ransom Canyon town, Texas",0,0
1600000US4860686,4860686,"Ratamosa CDP, Texas",0,0
1600000US4860752,4860752,"Ravenna city, Texas",0,0
1600000US4860932,4860932,"Realitos CDP, Texas",0,0
1600000US4861172,4861172,"Red Lick city, Texas",0,0
1600000US4861040,4861040,"Redfield CDP, Texas",0,0
1600000US4861076,4861076,"Redford CDP, Texas",0,0
1600000US4861124,4861124,"Redland CDP, Texas",0,0
1600000US4861340,4861340,"Redwater city, Texas",0,0
1600000US4861352,4861352,"Redwood CDP, Texas",0,0
1600000US4861436,4861436,"Refugio town, Texas",0,0
1600000US4861454,4861454,"Regino Ramirez CDP, Texas",0,0
1600000US4861466,4861466,"Reid Hope King CDP, Texas",0,0
1600000US4861508,4861508,"Reklaw city, Texas",0,0
1600000US4861532,4861532,"Relampago CDP, Texas",0,0
1600000US4861568,4861568,"Rendon CDP, Texas",0,0
1600000US4861592,4861592,"Reno city (Lamar County), Texas",0,0
1600000US4861604,4861604,"Reno city (Parker and Tarrant Counties), Texas",0,0
1600000US4861616,4861616,"Retreat town, Texas",0,0
1600000US4861700,4861700,"Rhome city, Texas",0,0
1600000US4861724,4861724,"Ricardo CDP, Texas",0,0
1600000US4861736,4861736,"Rice city, Texas",0,0
1600000US4861880,4861880,"Richland Springs town, Texas",0,0
1600000US4861820,4861820,"Richland town, Texas",0,0
1600000US4861892,4861892,"Richmond city, Texas",0,0
1600000US4861904,4861904,"Richwood city, Texas",0,0
1600000US4862108,4862108,"Riesel city, Texas",0,0
1600000US4862138,4862138,"Rio Bravo city, Texas",0,0
1600000US4862180,4862180,"Rio Hondo city, Texas",0,0
1600000US4862240,4862240,"Rio Vista city, Texas",0,0
1600000US4862252,4862252,"Rising Star town, Texas",0,0
1600000US4862318,4862318,"Rivereno CDP, Texas",0,0
1600000US4862408,4862408,"Riverside city, Texas",0,0
1600000US4862468,4862468,"Riviera CDP, Texas",0,0
1600000US4862528,4862528,"Roaring Springs town, Texas",0,0
1600000US4862564,4862564,"Robert Lee city, Texas",0,0
1600000US4862612,4862612,"Roby city, Texas",0,0
1600000US4862636,4862636,"Rochester town, Texas",0,0
1600000US4862816,4862816,"Rocksprings town, Texas",0,0
1600000US4862870,4862870,"Rocky Mound town, Texas",0,0
1600000US4862924,4862924,"Rogers town, Texas",0,0
1600000US4863008,4863008,"Rollingwood city, Texas",0,0
1600000US4863026,4863026,"Roma Creek CDP, Texas",0,0
1600000US4863044,4863044,"Roman Forest town, Texas",0,0
1600000US4863140,4863140,"Ropesville city, Texas",0,0
1600000US4863176,4863176,"Roscoe city, Texas",0,0
1600000US4863200,4863200,"Rose City city, Texas",0,0
1600000US4863272,4863272,"Rose Hill Acres city, Texas",0,0
1600000US4863188,4863188,"Rosebud city, Texas",0,0
1600000US4863332,4863332,"Rosharon CDP, Texas",0,0
1600000US4863350,4863350,"Rosita CDP, Texas",0,0
1600000US4863380,4863380,"Ross city, Texas",0,0
1600000US4863404,4863404,"Rosser village, Texas",0,0
1600000US4863464,4863464,"Rotan city, Texas",0,0
1600000US4863476,4863476,"Round Mountain town, Texas",0,0
1600000US4863524,4863524,"Round Top town, Texas",0,0
1600000US4863584,4863584,"Roxton city, Texas",0,0
1600000US4863752,4863752,"Rule town, Texas",0,0
1600000US4863782,4863782,"Runaway Bay city, Texas",0,0
1600000US4863788,4863788,"Runge town, Texas",0,0
1600000US4864004,4864004,"Sabinal city, Texas",0,0
1600000US4864088,4864088,"Sadler city, Texas",0,0
1600000US4864268,4864268,"Salado village, Texas",0,0
1600000US4864316,4864316,"Salineño CDP, Texas",0,0
1600000US4864322,4864322,"Salineño North CDP, Texas",0,0
1600000US4864460,4864460,"Sam Rayburn CDP, Texas",0,0
1600000US4864442,4864442,"Sammy Martinez CDP, Texas",0,0
1600000US4864448,4864448,"Samnorwood CDP, Texas",0,0
1600000US4865024,4865024,"San Augustine city, Texas",0,0
1600000US4865048,4865048,"San Carlos CDP, Texas",0,0
1600000US4865049,4865049,"San Carlos I CDP, Texas",0,0
1600000US4865050,4865050,"San Carlos II CDP, Texas",0,0
1600000US4865180,4865180,"San Diego city, Texas",0,0
1600000US4865360,4865360,"San Elizario city, Texas",0,0
1600000US4865372,4865372,"San Felipe town, Texas",0,0
1600000US4865378,4865378,"San Fernando CDP, Texas",0,0
1600000US4865432,4865432,"San Isidro CDP, Texas",0,0
1600000US4865532,4865532,"San Juan CDP, Texas",0,0
1600000US4865552,4865552,"San Leanna village, Texas",0,0
1600000US4865564,4865564,"San Leon CDP, Texas",0,0
1600000US4865612,4865612,"San Patricio city, Texas",0,0
1600000US4865620,4865620,"San Pedro CDP, Texas",0,0
1600000US4865636,4865636,"San Perlita city, Texas",0,0
1600000US4865648,4865648,"San Saba city, Texas",0,0
1600000US4865792,4865792,"San Ygnacio CDP, Texas",0,0
1600000US4865066,4865066,"Sanctuary town, Texas",0,0
1600000US4865240,4865240,"Sand Springs CDP, Texas",0,0
1600000US4865084,4865084,"Sanderson CDP, Texas",0,0
1600000US4865168,4865168,"Sandia CDP, Texas",0,0
1600000US4865210,4865210,"Sandoval CDP, Texas",0,0
1600000US4865342,4865342,"Sandy Hollow-Escondidas CDP, Texas",0,0
1600000US4865344,4865344,"Sandy Oaks city, Texas",0,0
1600000US4865345,4865345,"Sandy Point city, Texas",0,0
1600000US4865384,4865384,"Sanford town, Texas",0,0
1600000US4865660,4865660,"Sansom Park city, Texas",0,0
1600000US4865678,4865678,"Santa Anna CDP, Texas",0,0
1600000US4865672,4865672,"Santa Anna town, Texas",0,0
1600000US4865690,4865690,"Santa Clara city, Texas",0,0
1600000US4865708,4865708,"Santa Cruz CDP, Texas",0,0
1600000US4865744,4865744,"Santa Maria CDP, Texas",0,0
1600000US4865756,4865756,"Santa Monica CDP, Texas",0,0
1600000US4865774,4865774,"Santa Rosa CDP, Texas",0,0
1600000US4865768,4865768,"Santa Rosa town, Texas",0,0
1600000US4865777,4865777,"Santel CDP, Texas",0,0
1600000US4865876,4865876,"Sarita CDP, Texas",0,0
1600000US4866000,4866000,"Savannah CDP, Texas",0,0
1600000US4866008,4866008,"Savoy city, Texas",0,0
1600000US4866089,4866089,"Scenic Oaks CDP, Texas",0,0
1600000US4866188,4866188,"Schulenburg city, Texas",0,0
1600000US4866248,4866248,"Scissors CDP, Texas",0,0
1600000US4866284,4866284,"Scotland city, Texas",0,0
1600000US4866332,4866332,"Scottsville city, Texas",0,0
1600000US4866368,4866368,"Scurry town, Texas",0,0
1600000US4866416,4866416,"Seadrift city, Texas",0,0
1600000US4866440,4866440,"Seagraves city, Texas",0,0
1600000US4866512,4866512,"Sebastian CDP, Texas",0,0
1600000US4866536,4866536,"Seco Mines CDP, Texas",0,0
1600000US4866704,4866704,"Selma city, Texas",0,0
1600000US4866806,4866806,"Serenada CDP, Texas",0,0
1600000US4866848,4866848,"Seth Ward CDP, Texas",0,0
1600000US4866884,4866884,"Seven Oaks city, Texas",0,0
1600000US4866908,4866908,"Seven Points city, Texas",0,0
1600000US4866968,4866968,"Seymour city, Texas",0,0
1600000US4867082,4867082,"Shady Hollow CDP, Texas",0,0
1600000US4867100,4867100,"Shady Shores town, Texas",0,0
1600000US4867010,4867010,"Shadybrook CDP, Texas",0,0
1600000US4867136,4867136,"Shallowater city, Texas",0,0
1600000US4867160,4867160,"Shamrock city, Texas",0,0
1600000US4867268,4867268,"Shavano Park city, Texas",0,0
1600000US4867376,4867376,"Sheldon CDP, Texas",0,0
1600000US4867400,4867400,"Shenandoah city, Texas",0,0
1600000US4867424,4867424,"Shepherd city, Texas",0,0
1600000US4867554,4867554,"Sherwood Shores CDP, Texas",0,0
1600000US4867640,4867640,"Shiner city, Texas",0,0
1600000US4867688,4867688,"Shoreacres city, Texas",0,0
1600000US4867766,4867766,"Sienna Plantation CDP, Texas",0,0
1600000US4867772,4867772,"Sierra Blanca CDP, Texas",0,0
1600000US4867775,4867775,"Siesta Acres CDP, Texas",0,0
1600000US4867778,4867778,"Siesta Shores CDP, Texas",0,0
1600000US4867904,4867904,"Silverton city, Texas",0,0
1600000US4867964,4867964,"Simonton city, Texas",0,0
1600000US4868120,4868120,"Skellytown town, Texas",0,0
1600000US4868132,4868132,"Skidmore CDP, Texas",0,0
1600000US4868300,4868300,"Smiley city, Texas",0,0
1600000US4868456,4868456,"Smithville city, Texas",0,0
1600000US4868504,4868504,"Smyer town, Texas",0,0
1600000US4868576,4868576,"Snook city, Texas",0,0
1600000US4868678,4868678,"Solis CDP, Texas",0,0
1600000US4868708,4868708,"Somerset city, Texas",0,0
1600000US4868720,4868720,"Somerville city, Texas",0,0
1600000US4868756,4868756,"Sonora city, Texas",0,0
1600000US4868762,4868762,"Sonterra CDP, Texas",0,0
1600000US4868828,4868828,"Sour Lake city, Texas",0,0
1600000US4868846,4868846,"South Alamo CDP, Texas",0,0
1600000US4868966,4868966,"South Fork Estates CDP, Texas",0,0
1600000US4869020,4869020,"South Houston city, Texas",0,0
1600000US4869072,4869072,"South La Paloma CDP, Texas",0,0
1600000US4869120,4869120,"South Mountain town, Texas",0,0
1600000US4869194,4869194,"South Point CDP, Texas",0,0
1600000US4869326,4869326,"South Toledo Bend CDP, Texas",0,0
1600000US4869104,4869104,"Southmayd city, Texas",0,0
1600000US4869272,4869272,"Southside Place city, Texas",0,0
1600000US4869380,4869380,"Spade CDP, Texas",0,0
1600000US4869432,4869432,"Sparks CDP, Texas",0,0
1600000US4869476,4869476,"Spearman city, Texas",0,0
1600000US4869548,4869548,"Splendora city, Texas",0,0
1600000US4869560,4869560,"Spofford city, Texas",0,0
1600000US4869596,4869596,"Spring CDP, Texas",0,0
1600000US4869708,4869708,"Spring Gardens CDP, Texas",0,0
1600000US4869830,4869830,"Spring Valley Village city, Texas",0,0
1600000US4869764,4869764,"Springlake town, Texas",0,0
1600000US4869800,4869800,"Springtown city, Texas",0,0
1600000US4869848,4869848,"Spur city, Texas",0,0
1600000US4864172,4864172,"St. Hedwig town, Texas",0,0
1600000US4864184,4864184,"St. Jo city, Texas",0,0
1600000US4864244,4864244,"St. Paul CDP, Texas",0,0
1600000US4864220,4864220,"St. Paul town, Texas",0,0
1600000US4869932,4869932,"Stagecoach town, Texas",0,0
1600000US4870040,4870040,"Stanton city, Texas",0,0
1600000US4870052,4870052,"Staples city, Texas",0,0
1600000US4870076,4870076,"Star Harbor city, Texas",0,0
1600000US4870232,4870232,"Sterling City city, Texas",0,0
1600000US4870340,4870340,"Stinnett city, Texas",0,0
1600000US4870376,4870376,"Stockdale city, Texas",0,0
1600000US4870460,4870460,"Stonewall CDP, Texas",0,0
1600000US4870520,4870520,"Stowell CDP, Texas",0,0
1600000US4870544,4870544,"Stratford city, Texas",0,0
1600000US4870580,4870580,"Strawn city, Texas",0,0
1600000US4870604,4870604,"Streetman town, Texas",0,0
1600000US4870688,4870688,"Study Butte CDP, Texas",0,0
1600000US4870772,4870772,"Sudan city, Texas",0,0
1600000US4871356,4871356,"Sun Valley city, Texas",0,0
1600000US4871060,4871060,"Sundown city, Texas",0,0
1600000US4871180,4871180,"Sunray city, Texas",0,0
1600000US4871228,4871228,"Sunrise Beach Village city, Texas",0,0
1600000US4871289,4871289,"Sunset Acres CDP, Texas",0,0
1600000US4871264,4871264,"Sunset CDP (Montague County), Texas",0,0
1600000US4871274,4871274,"Sunset CDP (Starr County), Texas",0,0
1600000US4871324,4871324,"Sunset Valley city, Texas",0,0
1600000US4871384,4871384,"Surfside Beach city, Texas",0,0
1600000US4871684,4871684,"Taft city, Texas",0,0
1600000US4871696,4871696,"Taft Southwest CDP, Texas",0,0
1600000US4871708,4871708,"Tahoka city, Texas",0,0
1600000US4871732,4871732,"Talco city, Texas",0,0
1600000US4871756,4871756,"Talty town, Texas",0,0
1600000US4871820,4871820,"Tanquecitos South Acres CDP, Texas",0,0
1600000US4871824,4871824,"Tanquecitos South Acres II CDP, Texas",0,0
1600000US4871924,4871924,"Tatum city, Texas",0,0
1600000US4871960,4871960,"Taylor Lake Village city, Texas",0,0
1600000US4871966,4871966,"Taylor Landing city, Texas",0,0
1600000US4872020,4872020,"Teague city, Texas",0,0
1600000US4872080,4872080,"Tehuacana town, Texas",0,0
1600000US4872188,4872188,"Tenaha town, Texas",0,0
1600000US4872248,4872248,"Terlingua CDP, Texas",0,0
1600000US4872464,4872464,"Texhoma city, Texas",0,0
1600000US4872476,4872476,"Texline town, Texas",0,0
1600000US4872578,4872578,"The Hills village, Texas",0,0
1600000US4872656,4872656,"The Woodlands CDP, Texas",0,0
1600000US4872740,4872740,"Thompsons town, Texas",0,0
1600000US4872758,4872758,"Thompsonville CDP, Texas",0,0
1600000US4872776,4872776,"Thorndale city, Texas",0,0
1600000US4872788,4872788,"Thornton town, Texas",0,0
1600000US4872800,4872800,"Thorntonville town, Texas",0,0
1600000US4872824,4872824,"Thrall city, Texas",0,0
1600000US4872872,4872872,"Three Rivers city, Texas",0,0
1600000US4872896,4872896,"Throckmorton town, Texas",0,0
1600000US4872902,4872902,"Thunderbird Bay CDP, Texas",0,0
1600000US4872948,4872948,"Tierra Bonita CDP, Texas",0,0
1600000US4872950,4872950,"Tierra Dorada CDP, Texas",0,0
1600000US4872952,4872952,"Tierra Grande CDP, Texas",0,0
1600000US4872954,4872954,"Tierra Verde CDP, Texas",0,0
1600000US4872989,4872989,"Tiki Island village, Texas",0,0
1600000US4872992,4872992,"Tilden CDP, Texas",0,0
1600000US4873030,4873030,"Timbercreek Canyon village, Texas",0,0
1600000US4873057,4873057,"Timberwood Park CDP, Texas",0,0
1600000US4873076,4873076,"Timpson city, Texas",0,0
1600000US4873112,4873112,"Tioga town, Texas",0,0
1600000US4873124,4873124,"Tira town, Texas",0,0
1600000US4873148,4873148,"Tivoli CDP, Texas",0,0
1600000US4873196,4873196,"Toco city, Texas",0,0
1600000US4873224,4873224,"Todd Mission city, Texas",0,0
1600000US4873268,4873268,"Tolar city, Texas",0,0
1600000US4873328,4873328,"Tom Bean city, Texas",0,0
1600000US4873352,4873352,"Tool city, Texas",0,0
1600000US4873376,4873376,"Tornillo CDP, Texas",0,0
1600000US4873496,4873496,"Toyah town, Texas",0,0
1600000US4873526,4873526,"Tradewinds CDP, Texas",0,0
1600000US4873562,4873562,"Travis Ranch CDP, Texas",0,0
1600000US4873580,4873580,"Trent town, Texas",0,0
1600000US4873592,4873592,"Trenton city, Texas",0,0
1600000US4873652,4873652,"Trinidad city, Texas",0,0
1600000US4873664,4873664,"Trinity city, Texas",0,0
1600000US4873724,4873724,"Troup city, Texas",0,0
1600000US4873748,4873748,"Troy city, Texas",0,0
1600000US4873856,4873856,"Tuleta CDP, Texas",0,0
1600000US4873904,4873904,"Tulsita CDP, Texas",0,0
1600000US4873964,4873964,"Turkey city, Texas",0,0
1600000US4874048,4874048,"Tuscola city, Texas",0,0
1600000US4874132,4874132,"Tye city, Texas",0,0
1600000US4874168,4874168,"Tynan CDP, Texas",0,0
1600000US4874216,4874216,"Uhland city, Texas",0,0
1600000US4874240,4874240,"Uncertain city, Texas",0,0
1600000US4874312,4874312,"Union Grove city, Texas",0,0
1600000US4874372,4874372,"Union Valley city, Texas",0,0
1600000US4874576,4874576,"Utopia CDP, Texas",0,0
1600000US4874594,4874594,"Uvalde Estates CDP, Texas",0,0
1600000US4874895,4874895,"Val Verde Park CDP, Texas",0,0
1600000US4874648,4874648,"Valentine town, Texas",0,0
1600000US4874667,4874667,"Valle Hermoso CDP, Texas",0,0
1600000US4874668,4874668,"Valle Verde CDP, Texas",0,0
1600000US4874670,4874670,"Valle Vista CDP, Texas",0,0
1600000US4874732,4874732,"Valley Mills city, Texas",0,0
1600000US4874756,4874756,"Valley View city, Texas",0,0
1600000US4874924,4874924,"Van Alstyne city, Texas",0,0
1600000US4874912,4874912,"Van city, Texas",0,0
1600000US4875032,4875032,"Van Horn town, Texas",0,0
1600000US4875068,4875068,"Van Vleck CDP, Texas",0,0
1600000US4874984,4874984,"Vanderbilt CDP, Texas",0,0
1600000US4875188,4875188,"Vega city, Texas",0,0
1600000US4875236,4875236,"Venus town, Texas",0,0
1600000US4875432,4875432,"Victoria Vera CDP, Texas",0,0
1600000US4875554,4875554,"Villa del Sol CDP, Texas",0,0
1600000US4875614,4875614,"Villa Pancho CDP, Texas",0,0
1600000US4875626,4875626,"Villa Verde CDP, Texas",0,0
1600000US4875617,4875617,"Villarreal CDP, Texas",0,0
1600000US4875668,4875668,"Vinton village, Texas",0,0
1600000US4875752,4875752,"Volente village, Texas",0,0
1600000US4875764,4875764,"Von Ormy city, Texas",0,0
1600000US4876024,4876024,"Waelder city, Texas",0,0
1600000US4876228,4876228,"Waller city, Texas",0,0
1600000US4876240,4876240,"Wallis city, Texas",0,0
1600000US4876348,4876348,"Walnut Springs city, Texas",0,0
1600000US4876564,4876564,"Warren CDP, Texas",0,0
1600000US4876576,4876576,"Warren City city, Texas",0,0
1600000US4876636,4876636,"Waskom city, Texas",0,0
1600000US4876924,4876924,"Webberville village, Texas",0,0
1600000US4877020,4877020,"Weimar city, Texas",0,0
1600000US4877044,4877044,"Weinert city, Texas",0,0
1600000US4877056,4877056,"Weir city, Texas",0,0
1600000US4877080,4877080,"Welch CDP, Texas",0,0
1600000US4877152,4877152,"Wellington city, Texas",0,0
1600000US4877164,4877164,"Wellman city, Texas",0,0
1600000US4877196,4877196,"Wells Branch CDP, Texas",0,0
1600000US4877176,4877176,"Wells town, Texas",0,0
1600000US4877336,4877336,"West Alto Bonito CDP, Texas",0,0
1600000US4877332,4877332,"West city, Texas",0,0
1600000US4877416,4877416,"West Columbia city, Texas",0,0
1600000US4877632,4877632,"West Lake Hills city, Texas",0,0
1600000US4877662,4877662,"West Livingston CDP, Texas",0,0
1600000US4877728,4877728,"West Odessa CDP, Texas",0,0
1600000US4877866,4877866,"West Sharyland CDP, Texas",0,0
1600000US4877896,4877896,"West Tawakoni city, Texas",0,0
1600000US4877380,4877380,"Westbrook city, Texas",0,0
1600000US4877422,4877422,"Westdale CDP, Texas",0,0
1600000US4877490,4877490,"Western Lake CDP, Texas",0,0
1600000US4877620,4877620,"Westlake town, Texas",0,0
1600000US4877680,4877680,"Westminster CDP, Texas",0,0
1600000US4877740,4877740,"Weston city, Texas",0,0
1600000US4877746,4877746,"Weston Lakes city, Texas",0,0
1600000US4877788,4877788,"Westover Hills town, Texas",0,0
1600000US4878016,4878016,"Westway CDP, Texas",0,0
1600000US4878040,4878040,"Westwood Shores CDP, Texas",0,0
1600000US4878076,4878076,"Westworth Village city, Texas",0,0
1600000US4878208,4878208,"Wheeler city, Texas",0,0
1600000US4878316,4878316,"White Deer town, Texas",0,0
1600000US4878328,4878328,"Whiteface town, Texas",0,0
1600000US4878532,4878532,"Whitesboro city, Texas",0,0
1600000US4878628,4878628,"Whitewright town, Texas",0,0
1600000US4878664,4878664,"Whitney town, Texas",0,0
1600000US4879036,4879036,"Wickett town, Texas",0,0
1600000US4879192,4879192,"Wild Peach Village CDP, Texas",0,0
1600000US4879204,4879204,"Wildwood CDP, Texas",0,0
1600000US4879492,4879492,"Willow Park city, Texas",0,0
1600000US4879564,4879564,"Wills Point city, Texas",0,0
1600000US4879576,4879576,"Wilmer city, Texas",0,0
1600000US4879612,4879612,"Wilson city, Texas",0,0
1600000US4879624,4879624,"Wimberley city, Texas",0,0
1600000US4879684,4879684,"Windom town, Texas",0,0
1600000US4879696,4879696,"Windthorst town, Texas",0,0
1600000US4879720,4879720,"Winfield city, Texas",0,0
1600000US4879768,4879768,"Wink city, Texas",0,0
1600000US4879792,4879792,"Winnie CDP, Texas",0,0
1600000US4879816,4879816,"Winnsboro city, Texas",0,0
1600000US4879828,4879828,"Winona town, Texas",0,0
1600000US4879876,4879876,"Winters city, Texas",0,0
1600000US4879919,4879919,"Wixon Valley city, Texas",0,0
1600000US4879948,4879948,"Wolfe City city, Texas",0,0
1600000US4879972,4879972,"Wolfforth city, Texas",0,0
1600000US4880044,4880044,"Woodbranch city, Texas",0,0
1600000US4880058,4880058,"Woodcreek city, Texas",0,0
1600000US4880144,4880144,"Woodloch town, Texas",0,0
1600000US4880176,4880176,"Woodsboro town, Texas",0,0
1600000US4880188,4880188,"Woodson town, Texas",0,0
1600000US4880212,4880212,"Woodville town, Texas",0,0
1600000US4880296,4880296,"Wortham town, Texas",0,0
1600000US4880350,4880350,"Wyldwood CDP, Texas",0,0
1600000US4880440,4880440,"Yantis town, Texas",0,0
1600000US4880584,4880584,"Yorktown city, Texas",0,0
1600000US4880686,4880686,"Yznaga CDP, Texas",0,0
1600000US4880716,4880716,"Zapata CDP, Texas",0,0
1600000US4880722,4880722,"Zapata Ranch CDP, Texas",0,0
1600000US4880724,4880724,"Zarate CDP, Texas",0,0
1600000US4880728,4880728,"Zavalla city, Texas",0,0
1600000US4880836,4880836,"Zuehl CDP, Texas",0,0
